Time,Target Position,Measured Position,Torque,Current,Rotation raw,Pinion Target,Pinion Position,Pinion Current,Joint Velocity,Stator Current,Percent Output,System Clock,,,,,,,
0.0104379,3.77651,0,0.00291984,0.16,1,0,0,0,0,0,0,Tue Oct 17 13:59:44 2023,,,,,,,
0.0206799,7.75525,0,0.00291984,0.16,1,0,0,0,0,0,0,Tue Oct 17 13:59:44 2023,,,,,,,
0.0308128,11.5606,0,0.00291984,0.16,1,0,0,0,0,0,0,Tue Oct 17 13:59:44 2023,,,,,,,
0.0410008,15.3473,0,0.00291984,0.16,1,0,0,0,0,0,0,Tue Oct 17 13:59:44 2023,,,,,,,
0.0511374,19.1307,0,0.00310233,0.17,1,0,0,0,0,0,0,Tue Oct 17 13:59:44 2023,,,,,,,
0.0612632,22.8653,0,0.00310233,0.17,1,0,0,0,0,0,0,Tue Oct 17 13:59:44 2023,,,,,,,
0.0713492,26.562,0,0.00310233,0.17,0,0,0,0,0,0,0.0293255,Tue Oct 17 13:59:44 2023,,,,,,,
0.0814027,30.198,0,0.00310233,0.17,-2,0,0,0,0,0,0.0332356,Tue Oct 17 13:59:44 2023,,,,,,,
0.0914609,33.788,3,0.0700763,3.84,-5,0,0,0,20,0,0.0254154,Tue Oct 17 13:59:44 2023,,,,,,,
0.101513,37.3323,7,0.0700763,3.84,-8,0,0,0,30,0,0.0234604,Tue Oct 17 13:59:44 2023,,,,,,,
0.111568,40.82,9,0.0700763,3.84,-11,0,0,0,20,0,0.0293255,Tue Oct 17 13:59:44 2023,,,,,,,
0.121621,44.2504,12,0.0700763,3.84,-15,0,0,0,30,0,0.028348,Tue Oct 17 13:59:44 2023,,,,,,,
0.131674,47.6166,17,0.0700763,3.84,-20,0,0,0,40,0,0.026393,Tue Oct 17 13:59:44 2023,,,,,,,
0.141723,50.9139,22,0.157307,8.62,-26,0,0,0,50,0,0.0293255,Tue Oct 17 13:59:44 2023,,,,,,,
0.151774,54.1371,28,0.157307,8.62,-33,0,0,0,60,0,0.0273705,Tue Oct 17 13:59:44 2023,,,,,,,
0.161824,57.2832,35,0.157307,8.62,-40,0,0,0,60,0,0.0322581,Tue Oct 17 13:59:44 2023,,,,,,,
0.171877,60.3469,42,0.157307,8.62,-48,0,0,0,70,0,0.030303,Tue Oct 17 13:59:44 2023,,,,,,,
0.181929,63.3249,51,0.157307,8.62,-57,0,0,0,70,0,0.0234604,Tue Oct 17 13:59:44 2023,,,,,,,
0.191981,66.2116,59,0.151284,8.29,-66,0,0,0,80,0,0.0273705,Tue Oct 17 13:59:44 2023,,,,,,,
0.202033,69.0035,68,0.151284,8.29,-76,0,0,0,90,0,0.0244379,Tue Oct 17 13:59:44 2023,,,,,,,
0.212085,71.6962,78,0.151284,8.29,-86,0,0,0,90,0,0.0322581,Tue Oct 17 13:59:44 2023,,,,,,,
0.222154,74.29,88,0.151284,8.29,-97,0,0,0,90,0,0.028348,Tue Oct 17 13:59:44 2023,,,,,,,
0.232205,76.7727,99,0.151284,8.29,-109,0,0,0,110,0,0.0254154,Tue Oct 17 13:59:44 2023,,,,,,,
0.242255,79.1449,109,0.128473,7.04,-120,0,0,0,110,0,0.0351906,Tue Oct 17 13:59:44 2023,,,,,,,
0.252305,81.4033,120,0.128473,7.04,-132,0,0,0,110,0,0.028348,Tue Oct 17 13:59:44 2023,,,,,,,
0.262356,83.545,133,0.128473,7.04,-144,0,0,0,110,0,0.0322581,Tue Oct 17 13:59:44 2023,,,,,,,
0.272409,85.567,144,0.128473,7.04,-157,0,0,0,110,0,0.0361681,Tue Oct 17 13:59:44 2023,,,,,,,
0.282463,87.4664,157,0.128473,7.04,-171,0,0,0,120,0,0.028348,Tue Oct 17 13:59:44 2023,,,,,,,
0.292515,89.2406,170,0.148182,8.12,-185,0,0,0,130,0,0.030303,Tue Oct 17 13:59:44 2023,,,,,,,
0.302568,90.8859,184,0.148182,8.12,-199,0,0,0,130,0,0.026393,Tue Oct 17 13:59:44 2023,,,,,,,
0.312618,92.401,198,0.148182,8.12,-214,0,0,0,130,0,0.0342131,Tue Oct 17 13:59:44 2023,,,,,,,
0.322669,93.7831,212,0.148182,8.12,-230,0,0,0,140,0,0.0273705,Tue Oct 17 13:59:44 2023,,,,,,,
0.332721,95.0307,226,0.148182,8.12,-245,0,0,0,140,0,0.030303,Tue Oct 17 13:59:44 2023,,,,,,,
0.342769,96.1418,242,0.134678,7.38,-261,0,0,0,140,0,0.0312805,Tue Oct 17 13:59:44 2023,,,,,,,
0.352819,97.1147,257,0.134678,7.38,-277,0,0,0,150,0,0.0293255,Tue Oct 17 13:59:44 2023,,,,,,,
0.362867,97.9482,272,0.134678,7.38,-292,0,0,0,150,0,0.030303,Tue Oct 17 13:59:44 2023,,,,,,,
0.37292,98.6413,286,0.134678,7.38,-307,0,0,0,140,0,0.0371457,Tue Oct 17 13:59:44 2023,,,,,,,
0.382971,99.1929,301,0.134678,7.38,-323,0,0,0,140,0,0.0371457,Tue Oct 17 13:59:44 2023,,,,,,,
0.393021,99.6021,318,0.14143,7.75,-341,0,0,0,160,0,0.0254154,Tue Oct 17 13:59:44 2023,,,,,,,
0.403072,99.8681,334,0.14143,7.75,-357,0,0,0,150,0,0.0273705,Tue Oct 17 13:59:44 2023,,,,,,,
0.413123,99.9909,350,0.14143,7.75,-374,0,0,0,150,0,0.0293255,Tue Oct 17 13:59:44 2023,,,,,,,
0.423172,99.9702,365,0.14143,7.75,-390,0,0,0,160,0,0.0273705,Tue Oct 17 13:59:44 2023,,,,,,,
0.433221,99.8059,382,0.14143,7.75,-407,0,0,0,160,0,0.0273705,Tue Oct 17 13:59:44 2023,,,,,,,
0.443269,99.4985,398,0.118254,6.48,-423,0,0,0,160,0,0.0273705,Tue Oct 17 13:59:44 2023,,,,,,,
0.453319,99.0483,414,0.118254,6.48,-440,0,0,0,150,0,0.0273705,Tue Oct 17 13:59:44 2023,,,,,,,
0.463368,98.4559,430,0.118254,6.48,-456,0,0,0,150,0,0.0332356,Tue Oct 17 13:59:44 2023,,,,,,,
0.47342,97.7223,445,0.118254,6.48,-472,0,0,0,150,0,0.0332356,Tue Oct 17 13:59:44 2023,,,,,,,
0.483472,96.848,461,0.118254,6.48,-488,0,0,0,160,0,0.0254154,Tue Oct 17 13:59:44 2023,,,,,,,
0.493523,95.8347,477,0.125371,6.87,-504,0,0,0,150,0,0.030303,Tue Oct 17 13:59:44 2023,,,,,,,
0.503574,94.6842,492,0.125371,6.87,-520,0,0,0,150,0,0.028348,Tue Oct 17 13:59:44 2023,,,,,,,
0.513626,93.3974,508,0.125371,6.87,-536,0,0,0,150,0,0.0195503,Tue Oct 17 13:59:44 2023,,,,,,,
0.523679,91.9768,523,0.125371,6.87,-551,0,0,0,150,0,0.0312805,Tue Oct 17 13:59:44 2023,,,,,,,
0.533731,90.4233,538,0.125371,6.87,-566,0,0,0,150,0,0.0244379,Tue Oct 17 13:59:44 2023,,,,,,,
0.54378,88.7409,553,0.112232,6.15,-581,0,0,0,140,0,0.0293255,Tue Oct 17 13:59:44 2023,,,,,,,
0.553831,86.9312,566,0.112232,6.15,-595,0,0,0,130,0,0.0342131,Tue Oct 17 13:59:44 2023,,,,,,,
0.56388,84.9963,580,0.112232,6.15,-609,0,0,0,130,0,0.0254154,Tue Oct 17 13:59:44 2023,,,,,,,
0.573933,82.9399,594,0.112232,6.15,-623,0,0,0,130,0,0.026393,Tue Oct 17 13:59:44 2023,,,,,,,
0.583984,80.7635,607,0.112232,6.15,-636,0,0,0,130,0,0.0234604,Tue Oct 17 13:59:44 2023,,,,,,,
0.594038,78.4717,619,0.118254,6.48,-648,0,0,0,120,0,0.0371457,Tue Oct 17 13:59:44 2023,,,,,,,
0.604089,76.0663,630,0.118254,6.48,-660,0,0,0,110,0,0.0342131,Tue Oct 17 13:59:44 2023,,,,,,,
0.61414,73.5528,643,0.118254,6.48,-673,0,0,0,120,0,0.0244379,Tue Oct 17 13:59:44 2023,,,,,,,
0.624192,70.9333,655,0.118254,6.48,-684,0,0,0,110,0,0.028348,Tue Oct 17 13:59:44 2023,,,,,,,
0.634241,68.2124,666,0.118254,6.48,-695,0,0,0,110,0,0.0244379,Tue Oct 17 13:59:44 2023,,,,,,,
0.64429,65.3938,676,0.117524,6.44,-706,0,0,0,100,0,0.0175953,Tue Oct 17 13:59:44 2023,,,,,,,
0.654341,62.4812,686,0.117524,6.44,-716,0,0,0,100,0,0.0234604,Tue Oct 17 13:59:44 2023,,,,,,,
0.664388,59.4792,695,0.117524,6.44,-724,0,0,0,90,0,0.026393,Tue Oct 17 13:59:44 2023,,,,,,,
0.674441,56.392,703,0.117524,6.44,-732,0,0,0,80,0,0.0293255,Tue Oct 17 13:59:44 2023,,,,,,,
0.684493,53.2222,711,0.117524,6.44,-740,0,0,0,80,0,0.0322581,Tue Oct 17 13:59:44 2023,,,,,,,
0.694548,49.9765,718,0.116429,6.38,-747,0,0,0,70,0,0.028348,Tue Oct 17 13:59:44 2023,,,,,,,
0.7046,46.6578,725,0.116429,6.38,-754,0,0,0,60,0,0.0312805,Tue Oct 17 13:59:44 2023,,,,,,,
0.714652,43.2742,731,0.116429,6.38,-761,0,0,0,60,0,0.0215054,Tue Oct 17 13:59:44 2023,,,,,,,
0.724701,39.8276,737,0.116429,6.38,-766,0,0,0,60,0,0.0175953,Tue Oct 17 13:59:44 2023,,,,,,,
0.734763,36.3248,742,0.116429,6.38,-769,0,0,0,40,0,0.030303,Tue Oct 17 13:59:44 2023,,,,,,,
0.744813,32.7652,746,0.13851,7.59,-774,0,0,0,30,0,0.0312805,Tue Oct 17 13:59:44 2023,,,,,,,
0.754862,29.1632,750,0.13851,7.59,-777,0,0,0,40,0,0.0215054,Tue Oct 17 13:59:44 2023,,,,,,,
0.764911,25.5192,753,0.13851,7.59,-780,0,0,0,30,0,0.0224829,Tue Oct 17 13:59:44 2023,,,,,,,
0.774965,21.8388,755,0.13851,7.59,-782,0,0,0,20,0,0.0244379,Tue Oct 17 13:59:44 2023,,,,,,,
0.785019,18.1248,758,0.13851,7.59,-783,0,0,0,20,0,0.0136852,Tue Oct 17 13:59:44 2023,,,,,,,
0.795071,14.3854,758,0.120444,6.6,-783,0,0,0,10,0,0.0234604,Tue Oct 17 13:59:45 2023,,,,,,,
0.80512,10.6261,758,0.120444,6.6,-783,0,0,0,0,0,0.0234604,Tue Oct 17 13:59:45 2023,,,,,,,
0.81517,6.85219,758,0.120444,6.6,-783,0,0,0,0,0,0.0175953,Tue Oct 17 13:59:45 2023,,,,,,,
0.825221,3.06901,758,0.120444,6.6,-783,0,0,0,0,0,0.0117302,Tue Oct 17 13:59:45 2023,,,,,,,
0.835271,-0.719814,758,0.120444,6.6,-783,0,0,0,0,0,0.00782014,Tue Oct 17 13:59:45 2023,,,,,,,
0.845333,-4.50683,758,0.0534696,2.93,-783,0,0,0,0,0,0.00391007,Tue Oct 17 13:59:45 2023,,,,,,,
0.855396,-8.29498,758,0.0534696,2.93,-783,0,0,0,0,0,0.00391007,Tue Oct 17 13:59:45 2023,,,,,,,
0.865452,-12.067,758,0.0534696,2.93,-783,0,0,0,0,0,-0.00391007,Tue Oct 17 13:59:45 2023,,,,,,,
0.875514,-15.8213,758,0.0534696,2.93,-783,0,0,0,0,0,-0.00977517,Tue Oct 17 13:59:45 2023,,,,,,,
0.885574,-19.5548,758,0.0534696,2.93,-783,0,0,0,0,0,-0.0156403,Tue Oct 17 13:59:45 2023,,,,,,,
0.895752,-23.3011,758,0.0138693,0.76,-782,0,0,0,0,0,-0.0195503,Tue Oct 17 13:59:45 2023,,,,,,,
0.905828,-26.9799,758,0.0138693,0.76,-782,0,0,0,0,0,-0.0293255,Tue Oct 17 13:59:45 2023,,,,,,,
0.915885,-30.6099,758,0.0138693,0.76,-780,0,0,0,0,0,-0.0293255,Tue Oct 17 13:59:45 2023,,,,,,,
0.925938,-34.1958,756,0.0138693,0.76,-776,0,0,0,-10,0,-0.0273705,Tue Oct 17 13:59:45 2023,,,,,,,
0.935993,-37.7323,752,0.0138693,0.76,-773,0,0,0,-30,0,-0.0195503,Tue Oct 17 13:59:45 2023,,,,,,,
0.946046,-41.2145,750,0.117889,6.46,-769,0,0,0,-30,0,-0.0244379,Tue Oct 17 13:59:45 2023,,,,,,,
0.956104,-44.6376,746,0.117889,6.46,-765,0,0,0,-30,0,-0.028348,Tue Oct 17 13:59:45 2023,,,,,,,
0.966157,-47.9973,742,0.117889,6.46,-759,0,0,0,-40,0,-0.0273705,Tue Oct 17 13:59:45 2023,,,,,,,
0.976215,-51.2872,736,0.117889,6.46,-753,0,0,0,-50,0,-0.0293255,Tue Oct 17 13:59:45 2023,,,,,,,
0.986273,-54.5049,730,0.117889,6.46,-745,0,0,0,-50,0,-0.0293255,Tue Oct 17 13:59:45 2023,,,,,,,
0.996329,-57.644,723,0.126466,6.93,-737,0,0,0,-70,0,-0.0215054,Tue Oct 17 13:59:45 2023,,,,,,,
1.00638,-60.6993,715,0.126466,6.93,-729,0,0,0,-70,0,-0.0254154,Tue Oct 17 13:59:45 2023,,,,,,,
1.01644,-63.6675,708,0.126466,6.93,-720,0,0,0,-70,0,-0.030303,Tue Oct 17 13:59:45 2023,,,,,,,
1.02649,-66.5439,699,0.126466,6.93,-711,0,0,0,-80,0,-0.0273705,Tue Oct 17 13:59:45 2023,,,,,,,
1.03654,-69.324,690,0.126466,6.93,-701,0,0,0,-90,0,-0.0244379,Tue Oct 17 13:59:45 2023,,,,,,,
1.0466,-72.0047,681,0.120626,6.61,-692,0,0,0,-90,0,-0.0391007,Tue Oct 17 13:59:45 2023,,,,,,,
1.05666,-74.5839,672,0.120626,6.61,-680,0,0,0,-90,0,-0.0322581,Tue Oct 17 13:59:45 2023,,,,,,,
1.06671,-77.0547,661,0.120626,6.61,-669,0,0,0,-100,0,-0.0293255,Tue Oct 17 13:59:45 2023,,,,,,,
1.07677,-79.4141,649,0.120626,6.61,-657,0,0,0,-110,0,-0.0254154,Tue Oct 17 13:59:45 2023,,,,,,,
1.08682,-81.6609,638,0.120626,6.61,-645,0,0,0,-110,0,-0.0293255,Tue Oct 17 13:59:45 2023,,,,,,,
1.09688,-83.7897,626,0.140882,7.72,-632,0,0,0,-110,0,-0.0254154,Tue Oct 17 13:59:45 2023,,,,,,,
1.10695,-85.8013,614,0.140882,7.72,-618,0,0,0,-120,0,-0.0293255,Tue Oct 17 13:59:45 2023,,,,,,,
1.117,-87.6861,601,0.140882,7.72,-604,0,0,0,-120,0,-0.0322581,Tue Oct 17 13:59:45 2023,,,,,,,
1.12705,-89.4447,588,0.140882,7.72,-591,0,0,0,-130,0,-0.0254154,Tue Oct 17 13:59:45 2023,,,,,,,
1.13713,-91.0778,574,0.140882,7.72,-576,0,0,0,-130,0,-0.030303,Tue Oct 17 13:59:45 2023,,,,,,,
1.14718,-92.577,560,0.124641,6.83,-560,0,0,0,-140,0,-0.026393,Tue Oct 17 13:59:45 2023,,,,,,,
1.15723,-93.943,531,0.124641,6.83,-546,0,0,0,-140,0,-0.0224829,Tue Oct 17 13:59:45 2023,,,,,,,
1.16728,-95.1742,531,0.124641,6.83,-531,0,0,0,-140,0,-0.030303,Tue Oct 17 13:59:45 2023,,,,,,,
1.17734,-96.2685,517,0.124641,6.83,-517,0,0,0,-140,0,-0.0312805,Tue Oct 17 13:59:45 2023,,,,,,,
1.18739,-97.2249,502,0.124641,6.83,-500,0,0,0,-140,0,-0.0351906,Tue Oct 17 13:59:45 2023,,,,,,,
1.19745,-98.0417,487,0.130846,7.17,-484,0,0,0,-150,0,-0.028348,Tue Oct 17 13:59:45 2023,,,,,,,
1.2075,-98.7175,455,0.130846,7.17,-468,0,0,0,-150,0,-0.0234604,Tue Oct 17 13:59:45 2023,,,,,,,
1.21755,-99.2515,455,0.130846,7.17,-450,0,0,0,-150,0,-0.0322581,Tue Oct 17 13:59:45 2023,,,,,,,
1.22761,-99.6429,438,0.130846,7.17,-433,0,0,0,-160,0,-0.0254154,Tue Oct 17 13:59:45 2023,,,,,,,
1.23766,-99.8913,406,0.130846,7.17,-417,0,0,0,-160,0,-0.0205279,Tue Oct 17 13:59:45 2023,,,,,,,
1.24771,-99.9962,406,0.104932,5.75,-400,0,0,0,-160,0,-0.0273705,Tue Oct 17 13:59:45 2023,,,,,,,
1.25777,-99.9575,373,0.104932,5.75,-383,0,0,0,-160,0,-0.0332356,Tue Oct 17 13:59:45 2023,,,,,,,
1.26782,-99.7752,357,0.104932,5.75,-367,0,0,0,-160,0,-0.0205279,Tue Oct 17 13:59:45 2023,,,,,,,
1.27787,-99.4498,341,0.104932,5.75,-351,0,0,0,-150,0,-0.0273705,Tue Oct 17 13:59:45 2023,,,,,,,
1.28792,-98.9816,326,0.104932,5.75,-334,0,0,0,-160,0,-0.0332356,Tue Oct 17 13:59:45 2023,,,,,,,
1.29798,-98.3708,326,0.114056,6.25,-317,0,0,0,-160,0,-0.0332356,Tue Oct 17 13:59:45 2023,,,,,,,
1.30804,-97.6188,294,0.114056,6.25,-300,0,0,0,-160,0,-0.0254154,Tue Oct 17 13:59:45 2023,,,,,,,
1.31809,-96.726,277,0.114056,6.25,-284,0,0,0,-160,0,-0.0322581,Tue Oct 17 13:59:45 2023,,,,,,,
1.32815,-95.6949,261,0.114056,6.25,-267,0,0,0,-160,0,-0.0234604,Tue Oct 17 13:59:45 2023,,,,,,,
1.3382,-94.5267,246,0.114056,6.25,-251,0,0,0,-150,0,-0.0234604,Tue Oct 17 13:59:45 2023,,,,,,,
1.34827,-93.2194,231,0.0972673,5.33,-236,0,0,0,-140,0,-0.028348,Tue Oct 17 13:59:45 2023,,,,,,,
1.35833,-91.7809,216,0.0972673,5.33,-220,0,0,0,-150,0,-0.0332356,Tue Oct 17 13:59:45 2023,,,,,,,
1.36838,-90.2107,201,0.0972673,5.33,-204,0,0,0,-140,0,-0.0244379,Tue Oct 17 13:59:45 2023,,,,,,,
1.37845,-88.511,187,0.0972673,5.33,-190,0,0,0,-140,0,-0.0293255,Tue Oct 17 13:59:45 2023,,,,,,,
1.38851,-86.6811,173,0.0972673,5.33,-175,0,0,0,-140,0,-0.0273705,Tue Oct 17 13:59:45 2023,,,,,,,
1.3986,-84.7281,159,0.104749,5.74,-160,0,0,0,-140,0,-0.0254154,Tue Oct 17 13:59:45 2023,,,,,,,
1.40865,-82.6466,145,0.104749,5.74,-145,0,0,0,-140,0,-0.0254154,Tue Oct 17 13:59:45 2023,,,,,,,
1.41872,-80.4539,131,0.104749,5.74,-131,0,0,0,-130,0,-0.0224829,Tue Oct 17 13:59:45 2023,,,,,,,
1.42878,-78.142,119,0.104749,5.74,-118,0,0,0,-130,0,-0.0234604,Tue Oct 17 13:59:45 2023,,,,,,,
1.43883,-75.722,107,0.104749,5.74,-106,0,0,0,-120,0,-0.0244379,Tue Oct 17 13:59:45 2023,,,,,,,
1.44888,-73.193,94,0.0903327,4.95,-93,0,0,0,-120,0,-0.0244379,Tue Oct 17 13:59:45 2023,,,,,,,
1.45893,-70.5591,83,0.0903327,4.95,-82,0,0,0,-110,0,-0.0205279,Tue Oct 17 13:59:45 2023,,,,,,,
1.46898,-67.8236,73,0.0903327,4.95,-71,0,0,0,-110,0,-0.0244379,Tue Oct 17 13:59:45 2023,,,,,,,
1.47903,-64.9912,63,0.0903327,4.95,-61,0,0,0,-90,0,-0.0244379,Tue Oct 17 13:59:45 2023,,,,,,,
1.48909,-62.0647,53,0.0903327,4.95,-51,0,0,0,-100,0,-0.0273705,Tue Oct 17 13:59:45 2023,,,,,,,
1.49914,-59.0484,44,0.0990922,5.43,-41,0,0,0,-90,0,-0.026393,Tue Oct 17 13:59:45 2023,,,,,,,
1.5092,-55.9479,36,0.0990922,5.43,-32,0,0,0,-80,0,-0.0254154,Tue Oct 17 13:59:45 2023,,,,,,,
1.51925,-52.7677,27,0.0990922,5.43,-24,0,0,0,-80,0,-0.0254154,Tue Oct 17 13:59:45 2023,,,,,,,
1.5293,-49.5117,20,0.0990922,5.43,-17,0,0,0,-70,0,-0.0195503,Tue Oct 17 13:59:45 2023,,,,,,,
1.53935,-46.1845,14,0.0990922,5.43,-10,0,0,0,-60,0,-0.0293255,Tue Oct 17 13:59:45 2023,,,,,,,
1.5494,-42.7909,7,0.105114,5.76,-3,0,0,0,-70,0,-0.0293255,Tue Oct 17 13:59:45 2023,,,,,,,
1.55945,-39.337,1,0.105114,5.76,3,0,0,0,-60,0,-0.0185728,Tue Oct 17 13:59:45 2023,,,,,,,
1.5695,-35.8265,-4,0.105114,5.76,7,0,0,0,-40,0,-0.0254154,Tue Oct 17 13:59:45 2023,,,,,,,
1.57955,-32.2646,-7,0.105114,5.76,11,0,0,0,-30,0,-0.0254154,Tue Oct 17 13:59:45 2023,,,,,,,
1.58961,-28.6552,-12,0.105114,5.76,15,0,0,0,-40,0,-0.0166178,Tue Oct 17 13:59:45 2023,,,,,,,
1.59966,-25.004,-15,0.0956249,5.24,19,0,0,0,-30,0,-0.0175953,Tue Oct 17 13:59:45 2023,,,,,,,
1.60971,-21.3173,-18,0.0956249,5.24,21,0,0,0,-20,0,-0.0175953,Tue Oct 17 13:59:45 2023,,,,,,,
1.61976,-17.6017,-20,0.0956249,5.24,23,0,0,0,-20,0,-0.0195503,Tue Oct 17 13:59:45 2023,,,,,,,
1.62981,-13.8599,-20,0.0956249,5.24,23,0,0,0,0,0,-0.0215054,Tue Oct 17 13:59:45 2023,,,,,,,
1.63987,-10.0975,-21,0.0801132,4.39,23,0,0,0,-10,0,-0.00977517,Tue Oct 17 13:59:45 2023,,,,,,,
1.64992,-6.32034,-21,0.0801132,4.39,23,0,0,0,0,0,-0.0117302,Tue Oct 17 13:59:45 2023,,,,,,,
1.65997,-2.53603,-21,0.0801132,4.39,23,0,0,0,0,0,-0.00782014,Tue Oct 17 13:59:45 2023,,,,,,,
1.67002,1.25249,-21,0.0801132,4.39,23,0,0,0,0,0,-0.00195503,Tue Oct 17 13:59:45 2023,,,,,,,
1.68006,5.03741,-21,0.0801132,4.39,23,0,0,0,0,0,-0.00195503,Tue Oct 17 13:59:45 2023,,,,,,,
1.69011,8.81623,-21,0.0180665,0.99,23,0,0,0,0,0,0,Tue Oct 17 13:59:45 2023,,,,,,,
1.70016,12.5827,-21,0.0180665,0.99,23,0,0,0,0,0,0.00977517,Tue Oct 17 13:59:45 2023,,,,,,,
1.71021,16.3321,-21,0.0180665,0.99,23,0,0,0,0,0,0.0156403,Tue Oct 17 13:59:45 2023,,,,,,,
1.72026,20.0576,-21,0.0180665,0.99,22,0,0,0,0,0,0.0215054,Tue Oct 17 13:59:45 2023,,,,,,,
1.73031,23.7544,-21,0.0180665,0.99,22,0,0,0,0,0,0.0254154,Tue Oct 17 13:59:45 2023,,,,,,,
1.74036,27.4166,-21,0.0574844,3.15,21,0,0,0,0,0,0.0254154,Tue Oct 17 13:59:45 2023,,,,,,,
1.75041,31.04,-19,0.0574844,3.15,19,0,0,0,10,0,0.0224829,Tue Oct 17 13:59:45 2023,,,,,,,
1.76046,34.6178,-17,0.0574844,3.15,17,0,0,0,10,0,0.028348,Tue Oct 17 13:59:45 2023,,,,,,,
1.77059,38.1735,-15,0.0574844,3.15,14,0,0,0,20,0,0.0312805,Tue Oct 17 13:59:45 2023,,,,,,,
1.78065,41.6486,-11,0.0574844,3.15,9,0,0,0,30,0,0.030303,Tue Oct 17 13:59:45 2023,,,,,,,
1.7907,45.0637,-6,0.154934,8.49,4,0,0,0,50,0,0.0215054,Tue Oct 17 13:59:45 2023,,,,,,,
1.80076,48.4148,-1,0.154934,8.49,-1,0,0,0,50,0,0.026393,Tue Oct 17 13:59:46 2023,,,,,,,
1.81081,51.6954,4,0.154934,8.49,-7,0,0,0,50,0,0.030303,Tue Oct 17 13:59:46 2023,,,,,,,
1.82086,54.9005,10,0.154934,8.49,-14,0,0,0,60,0,0.0244379,Tue Oct 17 13:59:46 2023,,,,,,,
1.83091,58.0277,17,0.154934,8.49,-22,0,0,0,60,0,0.0215054,Tue Oct 17 13:59:46 2023,,,,,,,
1.84096,61.0709,24,0.132305,7.25,-29,0,0,0,70,0,0.0254154,Tue Oct 17 13:59:46 2023,,,,,,,
1.85101,64.0266,32,0.132305,7.25,-37,0,0,0,70,0,0.0342131,Tue Oct 17 13:59:46 2023,,,,,,,
1.86106,66.8899,41,0.132305,7.25,-47,0,0,0,80,0,0.028348,Tue Oct 17 13:59:46 2023,,,,,,,
1.87111,69.6579,50,0.132305,7.25,-58,0,0,0,90,0,0.028348,Tue Oct 17 13:59:46 2023,,,,,,,
1.88116,72.3263,61,0.132305,7.25,-68,0,0,0,100,0,0.0254154,Tue Oct 17 13:59:46 2023,,,,,,,
1.89122,74.8914,71,0.125736,6.89,-79,0,0,0,100,0,0.0254154,Tue Oct 17 13:59:46 2023,,,,,,,
1.90128,77.3495,81,0.125736,6.89,-90,0,0,0,110,0,0.0224829,Tue Oct 17 13:59:46 2023,,,,,,,
1.91133,79.6957,92,0.125736,6.89,-101,0,0,0,110,0,0.0254154,Tue Oct 17 13:59:46 2023,,,,,,,
1.92138,81.9265,103,0.125736,6.89,-113,0,0,0,100,0,0.0391007,Tue Oct 17 13:59:46 2023,,,,,,,
1.93143,84.0402,115,0.125736,6.89,-127,0,0,0,110,0,0.0293255,Tue Oct 17 13:59:46 2023,,,,,,,
1.94148,86.0326,128,0.126466,6.93,-140,0,0,0,120,0,0.0332356,Tue Oct 17 13:59:46 2023,,,,,,,
1.95153,87.9019,141,0.126466,6.93,-153,0,0,0,130,0,0.030303,Tue Oct 17 13:59:46 2023,,,,,,,
1.96158,89.6446,154,0.126466,6.93,-167,0,0,0,130,0,0.0293255,Tue Oct 17 13:59:46 2023,,,,,,,
1.97163,91.2593,167,0.126466,6.93,-182,0,0,0,130,0,0.030303,Tue Oct 17 13:59:46 2023,,,,,,,
1.98168,92.7425,181,0.126466,6.93,-197,0,0,0,140,0,0.026393,Tue Oct 17 13:59:46 2023,,,,,,,
1.99173,94.0926,195,0.137233,7.52,-212,0,0,0,140,0,0.030303,Tue Oct 17 13:59:46 2023,,,,,,,
2.00178,95.3082,211,0.137233,7.52,-228,0,0,0,140,0,0.0332356,Tue Oct 17 13:59:46 2023,,,,,,,
2.01183,96.3865,226,0.137233,7.52,-244,0,0,0,150,0,0.028348,Tue Oct 17 13:59:46 2023,,,,,,,
2.02188,97.3264,242,0.137233,7.52,-261,0,0,0,150,0,0.0293255,Tue Oct 17 13:59:46 2023,,,,,,,
2.03193,98.1266,257,0.137233,7.52,-277,0,0,0,150,0,0.0293255,Tue Oct 17 13:59:46 2023,,,,,,,
2.04199,98.7858,273,0.125553,6.88,-292,0,0,0,150,0,0.030303,Tue Oct 17 13:59:46 2023,,,,,,,
2.05204,99.3037,287,0.125553,6.88,-308,0,0,0,150,0,0.0391007,Tue Oct 17 13:59:46 2023,,,,,,,
2.06209,99.6787,303,0.125553,6.88,-325,0,0,0,150,0,0.0332356,Tue Oct 17 13:59:46 2023,,,,,,,
2.07214,99.9105,320,0.125553,6.88,-343,0,0,0,160,0,0.0273705,Tue Oct 17 13:59:46 2023,,,,,,,
2.08219,99.999,336,0.125553,6.88,-359,0,0,0,160,0,0.0273705,Tue Oct 17 13:59:46 2023,,,,,,,
2.09224,99.944,352,0.130481,7.15,-376,0,0,0,150,0,0.0332356,Tue Oct 17 13:59:46 2023,,,,,,,
2.10229,99.7454,368,0.130481,7.15,-393,0,0,0,160,0,0.0273705,Tue Oct 17 13:59:46 2023,,,,,,,
2.11234,99.4037,385,0.130481,7.15,-410,0,0,0,160,0,0.0273705,Tue Oct 17 13:59:46 2023,,,,,,,
2.12239,98.9193,401,0.130481,7.15,-427,0,0,0,160,0,0.0273705,Tue Oct 17 13:59:46 2023,,,,,,,
2.13245,98.2928,418,0.130481,7.15,-442,0,0,0,160,0,0.0293255,Tue Oct 17 13:59:46 2023,,,,,,,
2.14249,97.5254,432,0.111502,6.11,-458,0,0,0,150,0,0.0322581,Tue Oct 17 13:59:46 2023,,,,,,,
2.15255,96.6179,448,0.111502,6.11,-475,0,0,0,150,0,0.030303,Tue Oct 17 13:59:46 2023,,,,,,,
2.1626,95.5714,464,0.111502,6.11,-491,0,0,0,150,0,0.030303,Tue Oct 17 13:59:46 2023,,,,,,,
2.17265,94.3879,479,0.111502,6.11,-506,0,0,0,150,0,0.0293255,Tue Oct 17 13:59:46 2023,,,,,,,
2.1827,93.0686,494,0.111502,6.11,-522,0,0,0,150,0,0.028348,Tue Oct 17 13:59:46 2023,,,,,,,
2.19276,91.6161,510,0.121174,6.64,-538,0,0,0,150,0,0.026393,Tue Oct 17 13:59:46 2023,,,,,,,
2.20281,90.0314,525,0.121174,6.64,-553,0,0,0,150,0,0.0244379,Tue Oct 17 13:59:46 2023,,,,,,,
2.21286,88.3182,540,0.121174,6.64,-568,0,0,0,150,0,0.0205279,Tue Oct 17 13:59:46 2023,,,,,,,
2.22291,86.4781,553,0.121174,6.64,-581,0,0,0,140,0,0.0322581,Tue Oct 17 13:59:46 2023,,,,,,,
2.23296,84.514,566,0.121174,6.64,-595,0,0,0,120,0,0.0381232,Tue Oct 17 13:59:46 2023,,,,,,,
2.24301,82.4286,580,0.113326,6.21,-609,0,0,0,130,0,0.0293255,Tue Oct 17 13:59:46 2023,,,,,,,
2.25306,80.2251,593,0.113326,6.21,-623,0,0,0,130,0,0.026393,Tue Oct 17 13:59:46 2023,,,,,,,
2.26311,77.9066,606,0.113326,6.21,-635,0,0,0,130,0,0.0234604,Tue Oct 17 13:59:46 2023,,,,,,,
2.27316,75.4757,618,0.113326,6.21,-647,0,0,0,110,0,0.0342131,Tue Oct 17 13:59:46 2023,,,,,,,
2.28321,72.9363,630,0.113326,6.21,-659,0,0,0,110,0,0.026393,Tue Oct 17 13:59:46 2023,,,,,,,
2.29326,70.2926,642,0.122998,6.74,-670,0,0,0,120,0,0.0156403,Tue Oct 17 13:59:46 2023,,,,,,,
2.30331,67.547,652,0.122998,6.74,-681,0,0,0,100,0,0.0293255,Tue Oct 17 13:59:46 2023,,,,,,,
2.31337,64.705,662,0.122998,6.74,-692,0,0,0,100,0,0.0273705,Tue Oct 17 13:59:46 2023,,,,,,,
2.32342,61.7693,672,0.122998,6.74,-702,0,0,0,100,0,0.0234604,Tue Oct 17 13:59:46 2023,,,,,,,
2.33347,58.7464,682,0.122998,6.74,-711,0,0,0,90,0,0.026393,Tue Oct 17 13:59:46 2023,,,,,,,
2.34351,55.6392,691,0.103654,5.68,-720,0,0,0,90,0,0.0215054,Tue Oct 17 13:59:46 2023,,,,,,,
2.35356,52.4521,699,0.103654,5.68,-727,0,0,0,80,0,0.0195503,Tue Oct 17 13:59:46 2023,,,,,,,
2.36361,49.1894,706,0.103654,5.68,-734,0,0,0,60,0,0.0293255,Tue Oct 17 13:59:46 2023,,,,,,,
2.37366,45.8565,712,0.103654,5.68,-740,0,0,0,60,0,0.0293255,Tue Oct 17 13:59:46 2023,,,,,,,
2.38371,42.4579,718,0.103654,5.68,-746,0,0,0,60,0,0.0254154,Tue Oct 17 13:59:46 2023,,,,,,,
2.39377,38.9979,723,0.118801,6.51,-751,0,0,0,50,0,0.026393,Tue Oct 17 13:59:46 2023,,,,,,,
2.40382,35.4802,728,0.118801,6.51,-755,0,0,0,50,0,0.0224829,Tue Oct 17 13:59:46 2023,,,,,,,
2.41387,31.9132,731,0.118801,6.51,-758,0,0,0,30,0,0.030303,Tue Oct 17 13:59:46 2023,,,,,,,
2.42392,28.2999,735,0.118801,6.51,-762,0,0,0,40,0,0.0146628,Tue Oct 17 13:59:46 2023,,,,,,,
2.43397,24.6467,738,0.118801,6.51,-764,0,0,0,30,0,0.0175953,Tue Oct 17 13:59:46 2023,,,,,,,
2.44402,20.9581,739,0.124641,6.83,-764,0,0,0,10,0,0.030303,Tue Oct 17 13:59:46 2023,,,,,,,
2.45407,17.2392,740,0.124641,6.83,-766,0,0,0,0,0,0.0244379,Tue Oct 17 13:59:46 2023,,,,,,,
2.46412,13.4958,741,0.124641,6.83,-766,0,0,0,10,0,0.0185728,Tue Oct 17 13:59:46 2023,,,,,,,
2.47417,9.7328,741,0.124641,6.83,-766,0,0,0,0,0,0.0215054,Tue Oct 17 13:59:46 2023,,,,,,,
2.48422,5.95613,741,0.124641,6.83,-766,0,0,0,0,0,0.0156403,Tue Oct 17 13:59:46 2023,,,,,,,
2.49427,2.1717,741,0.107304,5.88,-766,0,0,0,0,0,0.0058651,Tue Oct 17 13:59:46 2023,,,,,,,
2.50433,-1.61967,741,0.107304,5.88,-766,0,0,0,0,0,0.00195503,Tue Oct 17 13:59:46 2023,,,,,,,
2.51438,-5.40605,741,0.107304,5.88,-766,0,0,0,0,0,0.00195503,Tue Oct 17 13:59:46 2023,,,,,,,
2.52442,-9.18416,741,0.107304,5.88,-766,0,0,0,0,0,0,Tue Oct 17 13:59:46 2023,,,,,,,
2.53447,-12.9489,741,0.107304,5.88,-766,0,0,0,0,0,-0.0058651,Tue Oct 17 13:59:46 2023,,,,,,,
2.54452,-16.696,741,0.0127743,0.7,-766,0,0,0,0,0,-0.0117302,Tue Oct 17 13:59:46 2023,,,,,,,
2.55458,-20.4194,741,0.0127743,0.7,-766,0,0,0,0,0,-0.0156403,Tue Oct 17 13:59:46 2023,,,,,,,
2.56462,-24.1124,741,0.0127743,0.7,-765,0,0,0,0,0,-0.0254154,Tue Oct 17 13:59:46 2023,,,,,,,
2.57467,-27.7711,741,0.0127743,0.7,-762,0,0,0,0,0,-0.0312805,Tue Oct 17 13:59:46 2023,,,,,,,
2.58472,-31.3901,739,0.0127743,0.7,-758,0,0,0,-10,0,-0.0244379,Tue Oct 17 13:59:46 2023,,,,,,,
2.59479,-34.9684,736,0.0729961,4,-755,0,0,0,-40,0,-0.00977517,Tue Oct 17 13:59:46 2023,,,,,,,
2.60484,-38.4937,733,0.0729961,4,-752,0,0,0,-20,0,-0.0205279,Tue Oct 17 13:59:46 2023,,,,,,,
2.6149,-41.9619,730,0.0729961,4,-747,0,0,0,-20,0,-0.0312805,Tue Oct 17 13:59:46 2023,,,,,,,
2.62495,-45.3719,725,0.0729961,4,-742,0,0,0,-40,0,-0.0244379,Tue Oct 17 13:59:46 2023,,,,,,,
2.635,-48.7146,720,0.0729961,4,-736,0,0,0,-50,0,-0.026393,Tue Oct 17 13:59:46 2023,,,,,,,
2.64505,-51.9879,715,0.110954,6.08,-730,0,0,0,-50,0,-0.030303,Tue Oct 17 13:59:46 2023,,,,,,,
2.6551,-55.1867,708,0.110954,6.08,-722,0,0,0,-50,0,-0.0244379,Tue Oct 17 13:59:46 2023,,,,,,,
2.66523,-58.3287,701,0.110954,6.08,-715,0,0,0,-70,0,-0.0215054,Tue Oct 17 13:59:46 2023,,,,,,,
2.67528,-61.3657,694,0.110954,6.08,-707,0,0,0,-70,0,-0.026393,Tue Oct 17 13:59:46 2023,,,,,,,
2.68533,-64.3129,686,0.110954,6.08,-698,0,0,0,-70,0,-0.030303,Tue Oct 17 13:59:46 2023,,,,,,,
2.69539,-67.1675,678,0.132488,7.26,-689,0,0,0,-80,0,-0.0273705,Tue Oct 17 13:59:46 2023,,,,,,,
2.70544,-69.927,669,0.132488,7.26,-680,0,0,0,-80,0,-0.028348,Tue Oct 17 13:59:46 2023,,,,,,,
2.71549,-72.5849,660,0.132488,7.26,-670,0,0,0,-90,0,-0.026393,Tue Oct 17 13:59:46 2023,,,,,,,
2.72554,-75.1386,650,0.132488,7.26,-659,0,0,0,-90,0,-0.0322581,Tue Oct 17 13:59:46 2023,,,,,,,
2.73559,-77.5837,639,0.132488,7.26,-646,0,0,0,-110,0,-0.0224829,Tue Oct 17 13:59:46 2023,,,,,,,
2.74564,-79.9183,627,0.143802,7.88,-634,0,0,0,-120,0,-0.026393,Tue Oct 17 13:59:46 2023,,,,,,,
2.75569,-82.1381,615,0.143802,7.88,-622,0,0,0,-120,0,-0.0224829,Tue Oct 17 13:59:46 2023,,,,,,,
2.76574,-84.2396,604,0.143802,7.88,-609,0,0,0,-110,0,-0.0322581,Tue Oct 17 13:59:46 2023,,,,,,,
2.77579,-86.2201,591,0.143802,7.88,-595,0,0,0,-120,0,-0.030303,Tue Oct 17 13:59:46 2023,,,,,,,
2.78584,-88.0769,578,0.143802,7.88,-582,0,0,0,-130,0,-0.0273705,Tue Oct 17 13:59:46 2023,,,,,,,
2.79589,-89.8076,565,0.109494,6,-567,0,0,0,-130,0,-0.0293255,Tue Oct 17 13:59:47 2023,,,,,,,
2.80594,-91.4099,550,0.109494,6,-551,0,0,0,-140,0,-0.0254154,Tue Oct 17 13:59:47 2023,,,,,,,
2.816,-92.8802,535,0.109494,6,-538,0,0,0,-150,0,-0.0244379,Tue Oct 17 13:59:47 2023,,,,,,,
2.82605,-94.2173,522,0.109494,6,-524,0,0,0,-130,0,-0.0361681,Tue Oct 17 13:59:47 2023,,,,,,,
2.8361,-95.4192,508,0.109494,6,-508,0,0,0,-130,0,-0.030303,Tue Oct 17 13:59:47 2023,,,,,,,
2.84615,-96.4841,493,0.125371,6.87,-492,0,0,0,-140,0,-0.0332356,Tue Oct 17 13:59:47 2023,,,,,,,
2.8562,-97.4104,478,0.125371,6.87,-476,0,0,0,-150,0,-0.0293255,Tue Oct 17 13:59:47 2023,,,,,,,
2.86625,-98.1969,462,0.125371,6.87,-459,0,0,0,-150,0,-0.0254154,Tue Oct 17 13:59:47 2023,,,,,,,
2.87629,-98.8424,446,0.125371,6.87,-443,0,0,0,-160,0,-0.0234604,Tue Oct 17 13:59:47 2023,,,,,,,
2.88635,-99.3461,430,0.125371,6.87,-426,0,0,0,-150,0,-0.0322581,Tue Oct 17 13:59:47 2023,,,,,,,
2.8964,-99.7073,414,0.112049,6.14,-409,0,0,0,-160,0,-0.0254154,Tue Oct 17 13:59:47 2023,,,,,,,
2.90645,-99.9254,397,0.112049,6.14,-393,0,0,0,-160,0,-0.0273705,Tue Oct 17 13:59:47 2023,,,,,,,
2.9165,-100,381,0.112049,6.14,-376,0,0,0,-150,0,-0.0332356,Tue Oct 17 13:59:47 2023,,,,,,,
2.92655,-99.931,365,0.112049,6.14,-359,0,0,0,-160,0,-0.0273705,Tue Oct 17 13:59:47 2023,,,,,,,
2.9366,-99.7185,333,0.112049,6.14,-343,0,0,0,-150,0,-0.0273705,Tue Oct 17 13:59:47 2023,,,,,,,
2.94665,-99.3629,333,0.113326,6.21,-326,0,0,0,-150,0,-0.0332356,Tue Oct 17 13:59:47 2023,,,,,,,
2.9567,-98.8647,317,0.113326,6.21,-309,0,0,0,-150,0,-0.0332356,Tue Oct 17 13:59:47 2023,,,,,,,
2.96675,-98.2246,284,0.113326,6.21,-291,0,0,0,-160,0,-0.0273705,Tue Oct 17 13:59:47 2023,,,,,,,
2.9768,-97.4436,267,0.113326,6.21,-274,0,0,0,-160,0,-0.0215054,Tue Oct 17 13:59:47 2023,,,,,,,
2.98686,-96.5223,267,0.113326,6.21,-258,0,0,0,-160,0,-0.0254154,Tue Oct 17 13:59:47 2023,,,,,,,
2.99691,-95.4627,236,0.0950774,5.21,-242,0,0,0,-150,0,-0.0322581,Tue Oct 17 13:59:47 2023,,,,,,,
3.00696,-94.2655,220,0.0950774,5.21,-225,0,0,0,-150,0,-0.0293255,Tue Oct 17 13:59:47 2023,,,,,,,
3.01702,-92.933,220,0.0950774,5.21,-209,0,0,0,-150,0,-0.028348,Tue Oct 17 13:59:47 2023,,,,,,,
3.02707,-91.4674,190,0.0950774,5.21,-194,0,0,0,-140,0,-0.026393,Tue Oct 17 13:59:47 2023,,,,,,,
3.03712,-89.8708,175,0.0950774,5.21,-178,0,0,0,-140,0,-0.0244379,Tue Oct 17 13:59:47 2023,,,,,,,
3.04717,-88.1452,175,0.100552,5.51,-163,0,0,0,-140,0,-0.0293255,Tue Oct 17 13:59:47 2023,,,,,,,
3.05722,-86.2918,146,0.100552,5.51,-148,0,0,0,-140,0,-0.0205279,Tue Oct 17 13:59:47 2023,,,,,,,
3.06727,-84.3158,132,0.100552,5.51,-133,0,0,0,-140,0,-0.026393,Tue Oct 17 13:59:47 2023,,,,,,,
3.07732,-82.2186,119,0.100552,5.51,-119,0,0,0,-130,0,-0.0224829,Tue Oct 17 13:59:47 2023,,,,,,,
3.08737,-80.0034,105,0.100552,5.51,-105,0,0,0,-120,0,-0.026393,Tue Oct 17 13:59:47 2023,,,,,,,
3.09743,-77.6735,92,0.0883253,4.84,-91,0,0,0,-130,0,-0.030303,Tue Oct 17 13:59:47 2023,,,,,,,
3.10748,-75.2297,80,0.0883253,4.84,-79,0,0,0,-120,0,-0.0205279,Tue Oct 17 13:59:47 2023,,,,,,,
3.11754,-72.6798,69,0.0883253,4.84,-67,0,0,0,-110,0,-0.0224829,Tue Oct 17 13:59:47 2023,,,,,,,
3.12759,-70.0251,58,0.0883253,4.84,-56,0,0,0,-100,0,-0.026393,Tue Oct 17 13:59:47 2023,,,,,,,
3.13764,-67.2705,47,0.0883253,4.84,-44,0,0,0,-110,0,-0.0332356,Tue Oct 17 13:59:47 2023,,,,,,,
3.14769,-64.4195,36,0.104932,5.75,-34,0,0,0,-110,0,-0.0224829,Tue Oct 17 13:59:47 2023,,,,,,,
3.15774,-61.476,27,0.104932,5.75,-24,0,0,0,-90,0,-0.0234604,Tue Oct 17 13:59:47 2023,,,,,,,
3.16779,-58.4445,19,0.104932,5.75,-15,0,0,0,-80,0,-0.026393,Tue Oct 17 13:59:47 2023,,,,,,,
3.17784,-55.3288,9,0.104932,5.75,-6,0,0,0,-80,0,-0.0273705,Tue Oct 17 13:59:47 2023,,,,,,,
3.18789,-52.1344,1,0.104932,5.75,3,0,0,0,-90,0,-0.0166178,Tue Oct 17 13:59:47 2023,,,,,,,
3.19794,-48.8645,-6,0.0994572,5.45,10,0,0,0,-70,0,-0.0166178,Tue Oct 17 13:59:47 2023,,,,,,,
3.20799,-45.5227,-13,0.0994572,5.45,17,0,0,0,-60,0,-0.0224829,Tue Oct 17 13:59:47 2023,,,,,,,
3.21804,-42.1173,-20,0.0994572,5.45,24,0,0,0,-70,0,-0.0254154,Tue Oct 17 13:59:47 2023,,,,,,,
3.22809,-38.6517,-25,0.0994572,5.45,29,0,0,0,-50,0,-0.0127077,Tue Oct 17 13:59:47 2023,,,,,,,
3.23814,-35.1304,-29,0.0994572,5.45,33,0,0,0,-30,0,-0.026393,Tue Oct 17 13:59:47 2023,,,,,,,
3.24819,-31.5589,-33,0.0859529,4.71,38,0,0,0,-40,0,-0.0244379,Tue Oct 17 13:59:47 2023,,,,,,,
3.25824,-27.9417,-37,0.0859529,4.71,42,0,0,0,-40,0,-0.0205279,Tue Oct 17 13:59:47 2023,,,,,,,
3.26829,-24.285,-41,0.0859529,4.71,44,0,0,0,-30,0,-0.0146628,Tue Oct 17 13:59:47 2023,,,,,,,
3.27834,-20.5935,-42,0.0859529,4.71,46,0,0,0,-20,0,-0.0205279,Tue Oct 17 13:59:47 2023,,,,,,,
3.28839,-16.8721,-43,0.0859529,4.71,46,0,0,0,-10,0,-0.028348,Tue Oct 17 13:59:47 2023,,,,,,,
3.29844,-13.1268,-43,0.0992747,5.44,46,0,0,0,0,0,-0.0185728,Tue Oct 17 13:59:47 2023,,,,,,,
3.3085,-9.36065,-43,0.0992747,5.44,46,0,0,0,0,0,-0.0156403,Tue Oct 17 13:59:47 2023,,,,,,,
3.31855,-5.58089,-43,0.0992747,5.44,46,0,0,0,0,0,-0.0156403,Tue Oct 17 13:59:47 2023,,,,,,,
3.3286,-1.79412,-43,0.0992747,5.44,46,0,0,0,0,0,-0.0117302,Tue Oct 17 13:59:47 2023,,,,,,,
3.33865,1.99445,-43,0.0992747,5.44,46,0,0,0,0,0,-0.0058651,Tue Oct 17 13:59:47 2023,,,,,,,
3.3487,5.77961,-43,0.0605868,3.32,46,0,0,0,0,0,0,Tue Oct 17 13:59:47 2023,,,,,,,
3.35875,9.55632,-43,0.0605868,3.32,46,0,0,0,0,0,0,Tue Oct 17 13:59:47 2023,,,,,,,
3.3688,13.3193,-43,0.0605868,3.32,46,0,0,0,0,0,0.0058651,Tue Oct 17 13:59:47 2023,,,,,,,
3.37885,17.0635,-43,0.0605868,3.32,46,0,0,0,0,0,0.0156403,Tue Oct 17 13:59:47 2023,,,,,,,
3.3889,20.7834,-43,0.0138693,0.76,46,0,0,0,0,0,0.0215054,Tue Oct 17 13:59:47 2023,,,,,,,
3.39895,24.4735,-43,0.0138693,0.76,45,0,0,0,0,0,0.0215054,Tue Oct 17 13:59:47 2023,,,,,,,
3.409,28.13,-43,0.0138693,0.76,44,0,0,0,0,0,0.0293255,Tue Oct 17 13:59:47 2023,,,,,,,
3.41905,31.7447,-40,0.0138693,0.76,40,0,0,0,10,0,0.0175953,Tue Oct 17 13:59:47 2023,,,,,,,
3.4291,35.3149,-38,0.0138693,0.76,38,0,0,0,30,0,0.0175953,Tue Oct 17 13:59:47 2023,,,,,,,
3.43915,38.833,-35,0.115516,6.33,35,0,0,0,20,0,0.0332356,Tue Oct 17 13:59:47 2023,,,,,,,
3.4492,42.2957,-31,0.115516,6.33,30,0,0,0,30,0,0.0244379,Tue Oct 17 13:59:47 2023,,,,,,,
3.45925,45.6983,-26,0.115516,6.33,24,0,0,0,50,0,0.0224829,Tue Oct 17 13:59:47 2023,,,,,,,
3.4693,49.0346,-20,0.115516,6.33,19,0,0,0,50,0,0.026393,Tue Oct 17 13:59:47 2023,,,,,,,
3.47936,52.3016,-16,0.115516,6.33,14,0,0,0,50,0,0.030303,Tue Oct 17 13:59:47 2023,,,,,,,
3.48941,55.493,-10,0.14435,7.91,7,0,0,0,50,0,0.0322581,Tue Oct 17 13:59:47 2023,,,,,,,
3.49946,58.6049,-3,0.14435,7.91,-1,0,0,0,70,0,0.0224829,Tue Oct 17 13:59:47 2023,,,,,,,
3.50951,61.6329,5,0.14435,7.91,-9,0,0,0,70,0,0.030303,Tue Oct 17 13:59:47 2023,,,,,,,
3.51956,64.5717,14,0.14435,7.91,-18,0,0,0,70,0,0.0273705,Tue Oct 17 13:59:47 2023,,,,,,,
3.52961,67.4176,23,0.14435,7.91,-28,0,0,0,90,0,0.026393,Tue Oct 17 13:59:47 2023,,,,,,,
3.53966,70.1666,33,0.139788,7.66,-38,0,0,0,90,0,0.030303,Tue Oct 17 13:59:47 2023,,,,,,,
3.54979,72.8335,42,0.139788,7.66,-48,0,0,0,90,0,0.030303,Tue Oct 17 13:59:47 2023,,,,,,,
3.55984,75.3784,53,0.139788,7.66,-60,0,0,0,110,0,0.0205279,Tue Oct 17 13:59:47 2023,,,,,,,
3.56989,77.8136,64,0.139788,7.66,-71,0,0,0,100,0,0.0293255,Tue Oct 17 13:59:47 2023,,,,,,,
3.57994,80.137,75,0.139788,7.66,-84,0,0,0,110,0,0.0293255,Tue Oct 17 13:59:47 2023,,,,,,,
3.58999,82.3453,88,0.125371,6.87,-97,0,0,0,120,0,0.0273705,Tue Oct 17 13:59:47 2023,,,,,,,
3.60005,84.4358,100,0.125371,6.87,-110,0,0,0,120,0,0.030303,Tue Oct 17 13:59:47 2023,,,,,,,
3.6101,86.4057,113,0.125371,6.87,-124,0,0,0,120,0,0.0332356,Tue Oct 17 13:59:47 2023,,,,,,,
3.62015,88.2506,126,0.125371,6.87,-138,0,0,0,130,0,0.0293255,Tue Oct 17 13:59:47 2023,,,,,,,
3.6302,89.9687,139,0.125371,6.87,-151,0,0,0,130,0,0.0361681,Tue Oct 17 13:59:47 2023,,,,,,,
3.64025,91.5577,152,0.125371,6.87,-166,0,0,0,130,0,0.0254154,Tue Oct 17 13:59:47 2023,,,,,,,
3.6503,93.0154,167,0.135773,7.44,-181,0,0,0,140,0,0.0293255,Tue Oct 17 13:59:47 2023,,,,,,,
3.66035,94.3397,182,0.135773,7.44,-197,0,0,0,140,0,0.0312805,Tue Oct 17 13:59:47 2023,,,,,,,
3.6704,95.5284,197,0.135773,7.44,-213,0,0,0,150,0,0.026393,Tue Oct 17 13:59:47 2023,,,,,,,
3.68045,96.5798,212,0.135773,7.44,-228,0,0,0,150,0,0.028348,Tue Oct 17 13:59:47 2023,,,,,,,
3.6905,97.4926,227,0.132305,7.25,-244,0,0,0,150,0,0.0293255,Tue Oct 17 13:59:47 2023,,,,,,,
3.70056,98.2655,242,0.132305,7.25,-261,0,0,0,150,0,0.0293255,Tue Oct 17 13:59:47 2023,,,,,,,
3.71061,98.8979,258,0.132305,7.25,-277,0,0,0,160,0,0.0234604,Tue Oct 17 13:59:47 2023,,,,,,,
3.72067,99.3879,274,0.132305,7.25,-292,0,0,0,150,0,0.0322581,Tue Oct 17 13:59:47 2023,,,,,,,
3.73072,99.7352,288,0.132305,7.25,-308,0,0,0,150,0,0.0371457,Tue Oct 17 13:59:47 2023,,,,,,,
3.74077,99.9391,303,0.133583,7.32,-325,0,0,0,150,0,0.0332356,Tue Oct 17 13:59:47 2023,,,,,,,
3.75082,99.9996,320,0.133583,7.32,-342,0,0,0,160,0,0.0273705,Tue Oct 17 13:59:47 2023,,,,,,,
3.76087,99.9165,337,0.133583,7.32,-359,0,0,0,160,0,0.0273705,Tue Oct 17 13:59:47 2023,,,,,,,
3.77092,99.69,353,0.133583,7.32,-376,0,0,0,160,0,0.0273705,Tue Oct 17 13:59:47 2023,,,,,,,
3.78097,99.3205,369,0.133583,7.32,-393,0,0,0,160,0,0.0273705,Tue Oct 17 13:59:47 2023,,,,,,,
3.79102,98.8086,385,0.120444,6.6,-409,0,0,0,160,0,0.0273705,Tue Oct 17 13:59:47 2023,,,,,,,
3.80107,98.1546,401,0.120444,6.6,-426,0,0,0,150,0,0.0322581,Tue Oct 17 13:59:48 2023,,,,,,,
3.81112,97.3595,417,0.120444,6.6,-442,0,0,0,160,0,0.0254154,Tue Oct 17 13:59:48 2023,,,,,,,
3.82117,96.4247,433,0.120444,6.6,-457,0,0,0,150,0,0.030303,Tue Oct 17 13:59:48 2023,,,,,,,
3.83122,95.3517,448,0.120444,6.6,-473,0,0,0,150,0,0.030303,Tue Oct 17 13:59:48 2023,,,,,,,
3.84127,94.1415,463,0.115334,6.32,-489,0,0,0,150,0,0.0293255,Tue Oct 17 13:59:48 2023,,,,,,,
3.85133,92.7967,478,0.115334,6.32,-504,0,0,0,150,0,0.028348,Tue Oct 17 13:59:48 2023,,,,,,,
3.86137,91.3183,493,0.115334,6.32,-520,0,0,0,150,0,0.026393,Tue Oct 17 13:59:48 2023,,,,,,,
3.87143,89.7092,508,0.115334,6.32,-535,0,0,0,150,0,0.0224829,Tue Oct 17 13:59:48 2023,,,,,,,
3.88148,87.9705,523,0.115334,6.32,-550,0,0,0,140,0,0.026393,Tue Oct 17 13:59:48 2023,,,,,,,
3.89153,86.1061,538,0.106757,5.85,-564,0,0,0,140,0,0.026393,Tue Oct 17 13:59:48 2023,,,,,,,
3.90159,84.1171,551,0.106757,5.85,-578,0,0,0,130,0,0.030303,Tue Oct 17 13:59:48 2023,,,,,,,
3.91164,82.0078,564,0.106757,5.85,-591,0,0,0,130,0,0.0293255,Tue Oct 17 13:59:48 2023,,,,,,,
3.9217,79.7808,576,0.106757,5.85,-604,0,0,0,120,0,0.0332356,Tue Oct 17 13:59:48 2023,,,,,,,
3.93176,77.4362,589,0.106757,5.85,-618,0,0,0,130,0,0.0234604,Tue Oct 17 13:59:48 2023,,,,,,,
3.94181,74.9832,602,0.112049,6.14,-630,0,0,0,120,0,0.0224829,Tue Oct 17 13:59:48 2023,,,,,,,
3.95186,72.423,613,0.112049,6.14,-641,0,0,0,110,0,0.0254154,Tue Oct 17 13:59:48 2023,,,,,,,
3.96191,69.7585,623,0.112049,6.14,-651,0,0,0,100,0,0.0293255,Tue Oct 17 13:59:48 2023,,,,,,,
3.97196,66.9945,633,0.112049,6.14,-662,0,0,0,100,0,0.0293255,Tue Oct 17 13:59:48 2023,,,,,,,
3.98201,64.1326,644,0.112049,6.14,-672,0,0,0,110,0,0.0185728,Tue Oct 17 13:59:48 2023,,,,,,,
3.99206,61.1807,654,0.104567,5.73,-681,0,0,0,90,0,0.028348,Tue Oct 17 13:59:48 2023,,,,,,,
4.00212,58.1403,663,0.104567,5.73,-691,0.524455,0,0,90,0,0.026393,Tue Oct 17 13:59:48 2023,,,,,,,
4.01217,55.016,672,0.104567,5.73,-700,3.05076,0,0,90,0,0.0166178,Tue Oct 17 13:59:48 2023,,,,,,,
4.02222,51.8121,680,0.104567,5.73,-707,5.57703,0,0,80,0,0.026393,Tue Oct 17 13:59:48 2023,,,,,,,
4.03227,48.5352,687,0.104567,5.73,-714,8.10131,0,0,60,0,0.028348,Tue Oct 17 13:59:48 2023,,,,,,,
4.04233,45.1879,694,0.0970848,5.32,-721,10.6248,0,0,70,0,0.0215054,Tue Oct 17 13:59:48 2023,,,,,,,
4.05238,41.7736,700,0.0970848,5.32,-727,13.1483,0,0,60,0,0.0244379,Tue Oct 17 13:59:48 2023,,,,,,,
4.06244,38.3002,706,0.0970848,5.32,-732,15.6689,0,0,50,0,0.026393,Tue Oct 17 13:59:48 2023,,,,,,,
4.07249,34.7734,710,0.0970848,5.32,-737,18.1859,0,0,40,0,0.0273705,Tue Oct 17 13:59:48 2023,,,,,,,
4.08254,31.1963,714,0.0970848,5.32,-740,20.7002,0,0,40,0,0.0185728,Tue Oct 17 13:59:48 2023,,,,,,,
4.09259,27.5753,716,0.120261,6.59,-742,23.2106,0,0,30,0,0.0273705,Tue Oct 17 13:59:48 2023,,,,,,,
4.10264,23.9137,718,0.120261,6.59,-743,25.718,0,0,20,0,0.0234604,Tue Oct 17 13:59:48 2023,,,,,,,
4.1127,20.217,720,0.120261,6.59,-744,28.2218,0,0,10,0,0.028348,Tue Oct 17 13:59:48 2023,,,,,,,
4.12275,16.4918,720,0.120261,6.59,-744,30.7208,0,0,10,0,0.0293255,Tue Oct 17 13:59:48 2023,,,,,,,
4.1328,12.7438,720,0.120261,6.59,-744,33.2143,0,0,0,0,0.0254154,Tue Oct 17 13:59:48 2023,,,,,,,
4.14285,8.97667,720,0.139788,7.66,-744,35.703,0,0,0,0,0.0215054,Tue Oct 17 13:59:48 2023,,,,,,,
4.1529,5.19789,720,0.139788,7.66,-744,38.1852,0,0,0,0,0.00977517,Tue Oct 17 13:59:48 2023,,,,,,,
4.16295,1.41075,720,0.139788,7.66,-744,40.6619,0,0,0,0,0.0058651,Tue Oct 17 13:59:48 2023,,,,,,,
4.173,-2.37732,720,0.139788,7.66,-744,43.1314,0,0,0,0,0.0058651,Tue Oct 17 13:59:48 2023,,,,,,,
4.18305,-6.16298,720,0.139788,7.66,-744,45.5947,0,0,0,0,0,Tue Oct 17 13:59:48 2023,,,,,,,
4.1931,-9.93858,720,0.0469,2.57,-744,48.0499,6,0,0,0,-0.00195503,Tue Oct 17 13:59:48 2023,,,,,,,
4.20315,-13.701,720,0.0469,2.57,-744,50.4982,6,0,0,0,-0.00782014,Tue Oct 17 13:59:48 2023,,,,,,,
4.21321,-17.4443,720,0.0469,2.57,-744,52.9387,11,0,0,0,-0.0117302,Tue Oct 17 13:59:48 2023,,,,,,,
4.22326,-21.1627,720,0.0469,2.57,-744,55.3709,11,0,0,0,-0.0215054,Tue Oct 17 13:59:48 2023,,,,,,,
4.23331,-24.8498,720,0.0469,2.57,-742,57.7937,16,0,0,0,-0.0273705,Tue Oct 17 13:59:48 2023,,,,,,,
4.24336,-28.5022,720,0.0479949,2.63,-740,60.2079,16,0,0,0,-0.0312805,Tue Oct 17 13:59:48 2023,,,,,,,
4.25342,-32.1133,717,0.0479949,2.63,-736,62.6123,21,0,-20,0,-0.0175953,Tue Oct 17 13:59:48 2023,,,,,,,
4.26347,-35.6791,714,0.0479949,2.63,-734,65.0072,21,0,-30,0,-0.0175953,Tue Oct 17 13:59:48 2023,,,,,,,
4.27352,-39.1923,712,0.0479949,2.63,-731,67.3908,25,0,-20,0,-0.0293255,Tue Oct 17 13:59:48 2023,,,,,,,
4.28357,-42.6503,709,0.0479949,2.63,-727,69.7644,25,0,-20,0,-0.0332356,Tue Oct 17 13:59:48 2023,,,,,,,
4.29363,-46.0461,705,0.140518,7.7,-722,72.1262,31,0,-40,0,-0.0254154,Tue Oct 17 13:59:48 2023,,,,,,,
4.30368,-49.3768,699,0.140518,7.7,-716,74.4772,31,0,-50,0,-0.028348,Tue Oct 17 13:59:48 2023,,,,,,,
4.31374,-52.6369,693,0.140518,7.7,-709,76.8166,37,0,-50,0,-0.028348,Tue Oct 17 13:59:48 2023,,,,,,,
4.32379,-55.822,687,0.140518,7.7,-702,79.1441,37,0,-60,0,-0.0254154,Tue Oct 17 13:59:48 2023,,,,,,,
4.33384,-58.9253,680,0.140518,7.7,-695,81.4579,42,0,-70,0,-0.0224829,Tue Oct 17 13:59:48 2023,,,,,,,
4.34389,-61.9441,673,0.141977,7.78,-688,83.7587,42,0,-60,0,-0.026393,Tue Oct 17 13:59:48 2023,,,,,,,
4.35395,-64.8732,666,0.141977,7.78,-680,86.0456,47,0,-70,0,-0.030303,Tue Oct 17 13:59:48 2023,,,,,,,
4.364,-67.7106,658,0.141977,7.78,-672,88.3199,47,0,-70,0,-0.0342131,Tue Oct 17 13:59:48 2023,,,,,,,
4.37405,-70.4501,649,0.141977,7.78,-662,90.5795,52,0,-80,0,-0.030303,Tue Oct 17 13:59:48 2023,,,,,,,
4.38411,-73.0889,638,0.141977,7.78,-651,92.8252,52,0,-100,0,-0.0273705,Tue Oct 17 13:59:48 2023,,,,,,,
4.39416,-75.6218,627,0.144167,7.9,-640,95.0552,56,0,-100,0,-0.0205279,Tue Oct 17 13:59:48 2023,,,,,,,
4.40421,-78.0465,616,0.144167,7.9,-629,97.2703,56,0,-110,0,-0.0244379,Tue Oct 17 13:59:48 2023,,,,,,,
4.41438,-80.3809,605,0.144167,7.9,-617,99.4911,61,0,-110,0,-0.026393,Tue Oct 17 13:59:48 2023,,,,,,,
4.42444,-82.5821,594,0.144167,7.9,-605,101.68,61,0,-120,0,-0.030303,Tue Oct 17 13:59:48 2023,,,,,,,
4.43449,-84.6597,581,0.144167,7.9,-592,103.848,67,0,-110,0,-0.0273705,Tue Oct 17 13:59:48 2023,,,,,,,
4.44454,-86.6157,568,0.109312,5.99,-579,105.999,67,0,-130,0,-0.026393,Tue Oct 17 13:59:48 2023,,,,,,,
4.4546,-88.4468,554,0.109312,5.99,-566,108.132,72,0,-130,0,-0.0224829,Tue Oct 17 13:59:48 2023,,,,,,,
4.46465,-90.1516,541,0.109312,5.99,-552,110.25,72,0,-130,0,-0.0293255,Tue Oct 17 13:59:48 2023,,,,,,,
4.4747,-91.7263,527,0.109312,5.99,-539,112.349,77,0,-130,0,-0.0254154,Tue Oct 17 13:59:48 2023,,,,,,,
4.48478,-93.1697,512,0.109312,5.99,-525,114.43,77,0,-130,0,-0.0273705,Tue Oct 17 13:59:48 2023,,,,,,,
4.49484,-94.4824,498,0.114786,6.29,-511,116.498,80,0,-140,0,-0.0293255,Tue Oct 17 13:59:48 2023,,,,,,,
4.50489,-95.6559,484,0.114786,6.29,-496,118.543,80,0,-140,0,-0.0312805,Tue Oct 17 13:59:48 2023,,,,,,,
4.51495,-96.6922,469,0.114786,6.29,-482,120.569,85,0,-150,0,-0.026393,Tue Oct 17 13:59:48 2023,,,,,,,
4.525,-97.5894,454,0.114786,6.29,-467,122.576,85,0,-150,0,-0.026393,Tue Oct 17 13:59:48 2023,,,,,,,
4.53506,-98.3462,437,0.114786,6.29,-451,124.563,88,0,-150,0,-0.0293255,Tue Oct 17 13:59:48 2023,,,,,,,
4.54511,-98.962,421,0.108582,5.95,-436,126.53,88,0,-160,0,-0.0234604,Tue Oct 17 13:59:48 2023,,,,,,,
4.55516,-99.4354,406,0.108582,5.95,-421,128.476,94,0,-150,0,-0.0322581,Tue Oct 17 13:59:48 2023,,,,,,,
4.56521,-99.7661,390,0.108582,5.95,-405,130.402,94,0,-160,0,-0.0254154,Tue Oct 17 13:59:48 2023,,,,,,,
4.57527,-99.9534,374,0.108582,5.95,-390,132.307,98,0,-160,0,-0.0273705,Tue Oct 17 13:59:48 2023,,,,,,,
4.58532,-99.9973,358,0.108582,5.95,-375,134.191,98,0,-150,0,-0.0332356,Tue Oct 17 13:59:48 2023,,,,,,,
4.59537,-99.8976,342,0.110954,6.08,-359,136.053,103,0,-160,0,-0.0273705,Tue Oct 17 13:59:48 2023,,,,,,,
4.60543,-99.6544,325,0.110954,6.08,-344,137.894,103,0,-170,0,-0.0273705,Tue Oct 17 13:59:48 2023,,,,,,,
4.61548,-99.2679,309,0.110954,6.08,-328,139.714,106,0,-150,0,-0.0332356,Tue Oct 17 13:59:48 2023,,,,,,,
4.62553,-98.7388,293,0.110954,6.08,-312,141.511,106,0,-160,0,-0.0273705,Tue Oct 17 13:59:48 2023,,,,,,,
4.63559,-98.0682,276,0.110954,6.08,-295,143.285,111,0,-170,0,-0.0205279,Tue Oct 17 13:59:48 2023,,,,,,,
4.64564,-97.2567,258,0.0978148,5.36,-281,145.036,111,0,-170,0,-0.0185728,Tue Oct 17 13:59:48 2023,,,,,,,
4.65569,-96.3055,243,0.0978148,5.36,-266,146.764,113,0,-150,0,-0.0322581,Tue Oct 17 13:59:48 2023,,,,,,,
4.66574,-95.216,228,0.0978148,5.36,-251,148.469,113,0,-150,0,-0.0322581,Tue Oct 17 13:59:48 2023,,,,,,,
4.67579,-93.9899,212,0.0978148,5.36,-237,150.149,121,0,-160,0,-0.0224829,Tue Oct 17 13:59:48 2023,,,,,,,
4.68585,-92.6288,197,0.0978148,5.36,-223,151.806,121,0,-150,0,-0.028348,Tue Oct 17 13:59:48 2023,,,,,,,
4.6959,-91.1348,166,0.0952599,5.22,-208,153.439,123,0,-150,0,-0.0312805,Tue Oct 17 13:59:48 2023,,,,,,,
4.70595,-89.5096,166,0.0952599,5.22,-194,155.047,123,0,-150,0,-0.0244379,Tue Oct 17 13:59:48 2023,,,,,,,
4.71601,-87.7554,152,0.0952599,5.22,-181,156.631,128,0,-150,0,-0.0224829,Tue Oct 17 13:59:48 2023,,,,,,,
4.72606,-85.8756,123,0.0952599,5.22,-167,158.19,128,0,-140,0,-0.026393,Tue Oct 17 13:59:48 2023,,,,,,,
4.73611,-83.8727,123,0.0952599,5.22,-153,159.723,130,0,-140,0,-0.026393,Tue Oct 17 13:59:48 2023,,,,,,,
4.74617,-81.7492,95,0.09453,5.18,-141,161.231,130,0,-130,0,-0.0215054,Tue Oct 17 13:59:48 2023,,,,,,,
4.75622,-79.5079,83,0.09453,5.18,-130,162.713,133,0,-120,0,-0.0254154,Tue Oct 17 13:59:48 2023,,,,,,,
4.76627,-77.1523,83,0.09453,5.18,-118,164.169,133,0,-120,0,-0.0293255,Tue Oct 17 13:59:48 2023,,,,,,,
4.77633,-74.6862,59,0.09453,5.18,-107,165.599,137,0,-120,0,-0.0254154,Tue Oct 17 13:59:48 2023,,,,,,,
4.78638,-72.1129,47,0.09453,5.18,-96,167.003,137,0,-120,0,-0.0224829,Tue Oct 17 13:59:48 2023,,,,,,,
4.79643,-69.4366,36,0.0998222,5.47,-86,168.38,140,0,-100,0,-0.0185728,Tue Oct 17 13:59:49 2023,,,,,,,
4.80649,-66.6602,26,0.0998222,5.47,-76,169.73,140,0,-110,0,-0.0322581,Tue Oct 17 13:59:49 2023,,,,,,,
4.81654,-63.787,16,0.0998222,5.47,-68,171.053,143,0,-90,0,-0.0185728,Tue Oct 17 13:59:49 2023,,,,,,,
4.82659,-60.823,6,0.0998222,5.47,-59,172.348,143,0,-90,0,-0.028348,Tue Oct 17 13:59:49 2023,,,,,,,
4.83665,-57.7721,-2,0.0998222,5.47,-50,173.616,147,0,-90,0,-0.0244379,Tue Oct 17 13:59:49 2023,,,,,,,
4.8467,-54.6381,-11,0.0938,5.14,-43,174.857,147,0,-80,0,-0.0244379,Tue Oct 17 13:59:49 2023,,,,,,,
4.85676,-51.4255,-19,0.0938,5.14,-36,176.069,150,0,-80,0,-0.0234604,Tue Oct 17 13:59:49 2023,,,,,,,
4.86681,-48.1382,-26,0.0938,5.14,-29,177.254,150,0,-70,0,-0.0195503,Tue Oct 17 13:59:49 2023,,,,,,,
4.87686,-44.7836,-33,0.0938,5.14,-23,178.41,151,0,-60,0,-0.0254154,Tue Oct 17 13:59:49 2023,,,,,,,
4.88691,-41.3635,-39,0.0938,5.14,-17,179.537,151,0,-60,0,-0.028348,Tue Oct 17 13:59:49 2023,,,,,,,
4.89697,-37.8851,-44,0.0906977,4.97,-14,180.636,154,0,-40,0,-0.0185728,Tue Oct 17 13:59:49 2023,,,,,,,
4.90703,-34.3491,-47,0.0906977,4.97,-10,181.707,154,0,-40,0,-0.0273705,Tue Oct 17 13:59:49 2023,,,,,,,
4.91708,-30.7632,-51,0.0906977,4.97,-6,182.749,155,0,-30,0,-0.0224829,Tue Oct 17 13:59:49 2023,,,,,,,
4.92713,-27.1358,-55,0.0906977,4.97,-4,183.76,155,0,-30,0,-0.0244379,Tue Oct 17 13:59:49 2023,,,,,,,
4.93719,-23.4703,-57,0.0906977,4.97,-2,184.743,159,0,-20,0,-0.0195503,Tue Oct 17 13:59:49 2023,,,,,,,
4.94724,-19.77,-58,0.103654,5.68,0,185.696,159,0,-10,0,-0.0254154,Tue Oct 17 13:59:49 2023,,,,,,,
4.95729,-16.0428,-60,0.103654,5.68,1,186.619,160,0,-10,0,-0.028348,Tue Oct 17 13:59:49 2023,,,,,,,
4.96734,-12.2912,-60,0.103654,5.68,1,187.513,160,0,0,0,-0.0185728,Tue Oct 17 13:59:49 2023,,,,,,,
4.9774,-8.5223,-60,0.103654,5.68,1,188.377,164,0,0,0,-0.0215054,Tue Oct 17 13:59:49 2023,,,,,,,
4.98745,-4.74101,-60,0.103654,5.68,1,189.211,164,0,0,0,-0.0156403,Tue Oct 17 13:59:49 2023,,,,,,,
4.9975,-0.954604,-60,0.0938,5.14,1,190.014,167,0,0,0,-0.00391007,Tue Oct 17 13:59:49 2023,,,,,,,
5.00755,2.83419,-60,0.0938,5.14,1,190.787,167,0,0,0,-0.00391007,Tue Oct 17 13:59:49 2023,,,,,,,
5.0176,6.62069,-60,0.0938,5.14,1,191.53,168,0,0,0,0,Tue Oct 17 13:59:49 2023,,,,,,,
5.02766,10.397,-60,0.0938,5.14,1,192.242,168,0,0,0,0.00782014,Tue Oct 17 13:59:49 2023,,,,,,,
5.03771,14.157,-60,0.0127743,0.7,1,192.923,172,0,0,0,0.0117302,Tue Oct 17 13:59:49 2023,,,,,,,
5.04777,17.9001,-60,0.0127743,0.7,1,193.575,172,0,0,0,0.0117302,Tue Oct 17 13:59:49 2023,,,,,,,
5.05782,21.6144,-60,0.0127743,0.7,0,194.194,174,0,0,0,0.0175953,Tue Oct 17 13:59:49 2023,,,,,,,
5.06787,25.2983,-60,0.0127743,0.7,0,194.783,174,0,0,0,0.0273705,Tue Oct 17 13:59:49 2023,,,,,,,
5.07792,28.9444,-60,0.0127743,0.7,-1,195.341,176,0,0,0,0.0273705,Tue Oct 17 13:59:49 2023,,,,,,,
5.08797,32.5503,-59,0.0954424,5.23,-3,195.867,176,0,0,0,0.026393,Tue Oct 17 13:59:49 2023,,,,,,,
5.09803,36.1087,-54,0.0954424,5.23,-8,196.362,177,0,40,0,0.0166178,Tue Oct 17 13:59:49 2023,,,,,,,
5.10808,39.6159,-50,0.0954424,5.23,-11,196.826,177,0,40,0,0.0166178,Tue Oct 17 13:59:49 2023,,,,,,,
5.11813,43.0664,-46,0.0954424,5.23,-15,197.259,178,0,30,0,0.0273705,Tue Oct 17 13:59:49 2023,,,,,,,
5.12818,46.4551,-41,0.0954424,5.23,-20,197.66,178,0,50,0,0.0244379,Tue Oct 17 13:59:49 2023,,,,,,,
5.13823,49.7766,-35,0.0954424,5.23,-25,198.03,180,0,50,0,0.0244379,Tue Oct 17 13:59:49 2023,,,,,,,
5.14829,53.027,-30,0.135408,7.42,-30,198.368,180,0,50,0,0.028348,Tue Oct 17 13:59:49 2023,,,,,,,
5.15834,56.2006,-23,0.135408,7.42,-36,198.674,181,0,60,0,0.0254154,Tue Oct 17 13:59:49 2023,,,,,,,
5.16839,59.294,-16,0.135408,7.42,-43,198.948,181,0,60,0,0.0312805,Tue Oct 17 13:59:49 2023,,,,,,,
5.17844,62.3019,-9,0.135408,7.42,-50,199.191,182,0,70,0,0.0322581,Tue Oct 17 13:59:49 2023,,,,,,,
5.18849,65.2205,0,0.13851,7.59,-58,199.402,182,0,80,0,0.0224829,Tue Oct 17 13:59:49 2023,,,,,,,
5.19854,68.0447,10,0.13851,7.59,-67,199.582,184,0,90,0,0.026393,Tue Oct 17 13:59:49 2023,,,,,,,
5.20859,70.7724,19,0.13851,7.59,-75,199.729,184,0,90,0,0.030303,Tue Oct 17 13:59:49 2023,,,,,,,
5.21865,73.3986,28,0.13851,7.59,-84,199.845,185,0,90,0,0.030303,Tue Oct 17 13:59:49 2023,,,,,,,
5.2287,75.9192,39,0.13851,7.59,-94,199.928,185,0,100,0,0.0273705,Tue Oct 17 13:59:49 2023,,,,,,,
5.23884,78.3493,50,0.129933,7.12,-104,199.98,185,0,110,0,0.0312805,Tue Oct 17 13:59:49 2023,,,,,,,
5.24889,80.6483,61,0.129933,7.12,-114,200,185,0,110,0,0.030303,Tue Oct 17 13:59:49 2023,,,,,,,
5.25894,82.8303,73,0.129933,7.12,-126,199.987,187,0,120,0,0.0273705,Tue Oct 17 13:59:49 2023,,,,,,,
5.26899,84.894,87,0.129933,7.12,-138,199.943,187,0,130,0,0.0234604,Tue Oct 17 13:59:49 2023,,,,,,,
5.27905,86.8353,99,0.129933,7.12,-149,199.867,187,0,120,0,0.0332356,Tue Oct 17 13:59:49 2023,,,,,,,
5.2891,88.652,112,0.123728,6.78,-161,199.759,187,0,120,0,0.0361681,Tue Oct 17 13:59:49 2023,,,,,,,
5.29915,90.341,126,0.123728,6.78,-173,199.619,187,0,130,0,0.0293255,Tue Oct 17 13:59:49 2023,,,,,,,
5.3092,91.9008,139,0.123728,6.78,-185,199.447,187,0,130,0,0.0322581,Tue Oct 17 13:59:49 2023,,,,,,,
5.31926,93.3286,154,0.123728,6.78,-198,199.244,188,0,130,0,0.0293255,Tue Oct 17 13:59:49 2023,,,,,,,
5.32931,94.6228,169,0.123728,6.78,-212,199.008,188,0,150,0,0.0244379,Tue Oct 17 13:59:49 2023,,,,,,,
5.33937,95.7806,183,0.135773,7.44,-225,198.741,188,0,140,0,0.0332356,Tue Oct 17 13:59:49 2023,,,,,,,
5.34942,96.8011,198,0.135773,7.44,-239,198.442,188,0,140,0,0.0351906,Tue Oct 17 13:59:49 2023,,,,,,,
5.35947,97.682,214,0.135773,7.44,-254,198.112,188,0,160,0,0.0224829,Tue Oct 17 13:59:49 2023,,,,,,,
5.36952,98.4229,230,0.135773,7.44,-267,197.749,188,0,150,0,0.0293255,Tue Oct 17 13:59:49 2023,,,,,,,
5.37957,99.0223,246,0.135773,7.44,-281,197.356,188,0,150,0,0.030303,Tue Oct 17 13:59:49 2023,,,,,,,
5.38963,99.4798,261,0.113874,6.24,-296,196.931,188,0,150,0,0.0332356,Tue Oct 17 13:59:49 2023,,,,,,,
5.39968,99.7943,277,0.113874,6.24,-310,196.474,188,0,160,0,0.0312805,Tue Oct 17 13:59:49 2023,,,,,,,
5.40973,99.9655,292,0.113874,6.24,-323,195.986,188,0,150,0,0.0332356,Tue Oct 17 13:59:49 2023,,,,,,,
5.41979,99.9932,308,0.113874,6.24,-338,195.466,188,0,160,0,0.0273705,Tue Oct 17 13:59:49 2023,,,,,,,
5.42984,99.8772,325,0.113874,6.24,-352,194.916,188,0,160,0,0.0273705,Tue Oct 17 13:59:49 2023,,,,,,,
5.43989,99.6179,340,0.124093,6.8,-367,194.335,188,0,160,0,0.0273705,Tue Oct 17 13:59:49 2023,,,,,,,
5.44994,99.2155,356,0.124093,6.8,-382,193.722,188,0,150,0,0.0332356,Tue Oct 17 13:59:49 2023,,,,,,,
5.46,98.6707,374,0.124093,6.8,-397,193.079,188,0,170,0,0.0205279,Tue Oct 17 13:59:49 2023,,,,,,,
5.47005,97.984,390,0.124093,6.8,-410,192.404,188,0,160,0,0.0293255,Tue Oct 17 13:59:49 2023,,,,,,,
5.4801,97.1568,405,0.124093,6.8,-424,191.699,188,0,150,0,0.030303,Tue Oct 17 13:59:49 2023,,,,,,,
5.49015,96.1901,421,0.105844,5.8,-438,190.964,188,0,150,0,0.026393,Tue Oct 17 13:59:49 2023,,,,,,,
5.50021,95.0854,436,0.105844,5.8,-452,190.198,188,0,150,0,0.030303,Tue Oct 17 13:59:49 2023,,,,,,,
5.51026,93.8434,452,0.105844,5.8,-465,189.401,188,0,150,0,0.0293255,Tue Oct 17 13:59:49 2023,,,,,,,
5.52032,92.4669,466,0.105844,5.8,-478,188.574,188,0,140,0,0.0351906,Tue Oct 17 13:59:49 2023,,,,,,,
5.53037,90.9576,481,0.105844,5.8,-492,187.717,188,0,140,0,0.0244379,Tue Oct 17 13:59:49 2023,,,,,,,
5.54042,89.3177,497,0.116794,6.4,-505,186.831,188,0,150,0,0.0205279,Tue Oct 17 13:59:49 2023,,,,,,,
5.55047,87.5498,511,0.116794,6.4,-517,185.914,188,0,140,0,0.026393,Tue Oct 17 13:59:49 2023,,,,,,,
5.56053,85.656,524,0.116794,6.4,-529,184.968,188,0,130,0,0.030303,Tue Oct 17 13:59:49 2023,,,,,,,
5.57058,83.6388,538,0.116794,6.4,-542,183.992,188,0,130,0,0.030303,Tue Oct 17 13:59:49 2023,,,,,,,
5.58063,81.5023,553,0.116794,6.4,-553,182.987,188,0,140,0,0.0215054,Tue Oct 17 13:59:49 2023,,,,,,,
5.59069,79.2482,565,0.0952599,5.22,-564,181.953,188,0,130,0,0.0322581,Tue Oct 17 13:59:49 2023,,,,,,,
5.60074,76.881,576,0.0952599,5.22,-574,180.89,188,0,120,0,0.0361681,Tue Oct 17 13:59:49 2023,,,,,,,
5.61079,74.4028,589,0.0952599,5.22,-586,179.797,188,0,120,0,0.0215054,Tue Oct 17 13:59:49 2023,,,,,,,
5.62084,71.8176,601,0.0952599,5.22,-596,178.676,188,0,120,0,0.0185728,Tue Oct 17 13:59:49 2023,,,,,,,
5.6309,69.1293,611,0.0952599,5.22,-604,177.527,188,0,100,0,0.028348,Tue Oct 17 13:59:49 2023,,,,,,,
5.64095,66.3422,620,0.116064,6.36,-612,176.349,188,0,90,0,0.0342131,Tue Oct 17 13:59:49 2023,,,,,,,
5.651,63.4598,631,0.116064,6.36,-622,175.144,188,0,100,0,0.0254154,Tue Oct 17 13:59:49 2023,,,,,,,
5.66105,60.4857,641,0.116064,6.36,-630,173.91,188,0,100,0,0.028348,Tue Oct 17 13:59:49 2023,,,,,,,
5.67111,57.4255,650,0.116064,6.36,-638,172.648,188,0,90,0,0.0244379,Tue Oct 17 13:59:49 2023,,,,,,,
5.68116,54.2823,658,0.116064,6.36,-645,171.359,188,0,80,0,0.0273705,Tue Oct 17 13:59:49 2023,,,,,,,
5.69121,51.0616,667,0.123728,6.78,-653,170.043,188,0,80,0,0.0195503,Tue Oct 17 13:59:49 2023,,,,,,,
5.70126,47.7678,674,0.123728,6.78,-658,168.699,188,0,70,0,0.0215054,Tue Oct 17 13:59:49 2023,,,,,,,
5.71132,44.4051,680,0.123728,6.78,-664,167.329,188,0,60,0,0.028348,Tue Oct 17 13:59:49 2023,,,,,,,
5.72137,40.9771,687,0.123728,6.78,-670,165.931,188,0,70,0,0.0234604,Tue Oct 17 13:59:49 2023,,,,,,,
5.73142,37.4915,693,0.123728,6.78,-674,164.508,188,0,60,0,0.0185728,Tue Oct 17 13:59:49 2023,,,,,,,
5.74147,33.952,697,0.10037,5.5,-677,163.058,188,0,40,0,0.026393,Tue Oct 17 13:59:49 2023,,,,,,,
5.75153,30.3639,701,0.10037,5.5,-681,161.582,186,0,30,0,0.0224829,Tue Oct 17 13:59:49 2023,,,,,,,
5.76158,26.7322,705,0.10037,5.5,-684,160.08,186,0,40,0,0.0195503,Tue Oct 17 13:59:49 2023,,,,,,,
5.77163,23.0622,707,0.10037,5.5,-684,158.553,182,0,20,0,0.0205279,Tue Oct 17 13:59:49 2023,,,,,,,
5.78168,19.3593,708,0.10037,5.5,-685,157,182,0,10,0,0.0273705,Tue Oct 17 13:59:49 2023,,,,,,,
5.79174,15.6282,709,0.122268,6.7,-686,155.423,180,0,0,0,0.0224829,Tue Oct 17 13:59:49 2023,,,,,,,
5.80179,11.8743,710,0.122268,6.7,-686,153.82,180,0,0,0,0.0254154,Tue Oct 17 13:59:50 2023,,,,,,,
5.81185,8.10289,710,0.122268,6.7,-686,152.193,177,0,10,0,0.0195503,Tue Oct 17 13:59:50 2023,,,,,,,
5.8219,4.31978,710,0.122268,6.7,-686,150.541,177,0,0,0,0.0136852,Tue Oct 17 13:59:50 2023,,,,,,,
5.83195,0.532128,710,0.122268,6.7,-686,148.866,173,0,0,0,0.00391007,Tue Oct 17 13:59:50 2023,,,,,,,
5.842,-3.25669,710,0.0764634,4.19,-686,147.167,173,0,0,0,0,Tue Oct 17 13:59:50 2023,,,,,,,
5.85205,-7.04037,710,0.0764634,4.19,-686,145.445,170,0,0,0,-0.00391007,Tue Oct 17 13:59:50 2023,,,,,,,
5.8621,-10.8144,710,0.0764634,4.19,-686,143.699,170,0,0,0,-0.00391007,Tue Oct 17 13:59:50 2023,,,,,,,
5.87216,-14.5726,710,0.0764634,4.19,-686,141.931,168,0,0,0,-0.00782014,Tue Oct 17 13:59:50 2023,,,,,,,
5.88221,-18.3113,710,0.0764634,4.19,-686,140.139,168,0,0,0,-0.0117302,Tue Oct 17 13:59:50 2023,,,,,,,
5.89226,-22.0228,710,0.00729961,0.4,-686,138.326,164,0,0,0,-0.0175953,Tue Oct 17 13:59:50 2023,,,,,,,
5.90234,-25.7111,710,0.00729961,0.4,-685,136.486,164,0,0,0,-0.0293255,Tue Oct 17 13:59:50 2023,,,,,,,
5.91239,-29.3542,710,0.00729961,0.4,-682,134.628,161,0,0,0,-0.0332356,Tue Oct 17 13:59:50 2023,,,,,,,
5.92245,-32.9564,707,0.00729961,0.4,-679,132.748,161,0,-20,0,-0.0136852,Tue Oct 17 13:59:50 2023,,,,,,,
5.9325,-36.5091,703,0.00729961,0.4,-677,130.849,159,0,-30,0,-0.0185728,Tue Oct 17 13:59:50 2023,,,,,,,
5.94255,-40.0101,701,0.104567,5.73,-674,128.928,159,0,-20,0,-0.0293255,Tue Oct 17 13:59:50 2023,,,,,,,
5.9526,-43.4531,697,0.104567,5.73,-669,126.986,154,0,-30,0,-0.0273705,Tue Oct 17 13:59:50 2023,,,,,,,
5.96265,-46.8341,692,0.104567,5.73,-664,125.024,154,0,-40,0,-0.0205279,Tue Oct 17 13:59:50 2023,,,,,,,
5.9727,-50.1477,686,0.104567,5.73,-659,123.043,151,0,-50,0,-0.0244379,Tue Oct 17 13:59:50 2023,,,,,,,
5.98276,-53.3901,681,0.104567,5.73,-654,121.041,151,0,-50,0,-0.0332356,Tue Oct 17 13:59:50 2023,,,,,,,
5.99281,-56.5545,675,0.136138,7.46,-647,119.021,148,0,-60,0,-0.0273705,Tue Oct 17 13:59:50 2023,,,,,,,
6.00286,-59.6387,667,0.136138,7.46,-639,116.981,148,0,-70,0,-0.0244379,Tue Oct 17 13:59:50 2023,,,,,,,
6.01291,-62.6365,659,0.136138,7.46,-632,114.923,144,0,-70,0,-0.028348,Tue Oct 17 13:59:50 2023,,,,,,,
6.02297,-65.5464,651,0.136138,7.46,-624,112.845,144,0,-80,0,-0.0254154,Tue Oct 17 13:59:50 2023,,,,,,,
6.03302,-68.3601,642,0.136138,7.46,-615,110.75,141,0,-80,0,-0.0293255,Tue Oct 17 13:59:50 2023,,,,,,,
6.04308,-71.0766,633,0.13778,7.55,-606,108.638,141,0,-90,0,-0.026393,Tue Oct 17 13:59:50 2023,,,,,,,
6.05313,-73.6925,622,0.13778,7.55,-596,106.506,137,0,-100,0,-0.028348,Tue Oct 17 13:59:50 2023,,,,,,,
6.06327,-76.2201,612,0.13778,7.55,-585,104.342,137,0,-100,0,-0.028348,Tue Oct 17 13:59:50 2023,,,,,,,
6.07332,-78.6195,601,0.13778,7.55,-574,102.177,133,0,-110,0,-0.0244379,Tue Oct 17 13:59:50 2023,,,,,,,
6.08337,-80.9046,589,0.13778,7.55,-563,99.9971,133,0,-110,0,-0.028348,Tue Oct 17 13:59:50 2023,,,,,,,
6.09343,-83.073,577,0.110224,6.04,-552,97.8016,131,0,-120,0,-0.0244379,Tue Oct 17 13:59:50 2023,,,,,,,
6.10348,-85.1228,564,0.110224,6.04,-540,95.5897,131,0,-120,0,-0.0273705,Tue Oct 17 13:59:50 2023,,,,,,,
6.11354,-87.0502,552,0.110224,6.04,-527,93.3627,126,0,-120,0,-0.0322581,Tue Oct 17 13:59:50 2023,,,,,,,
6.12359,-88.8534,538,0.110224,6.04,-514,91.1198,126,0,-130,0,-0.030303,Tue Oct 17 13:59:50 2023,,,,,,,
6.13364,-90.5279,524,0.110224,6.04,-501,88.8636,123,0,-130,0,-0.030303,Tue Oct 17 13:59:50 2023,,,,,,,
6.1437,-92.0724,511,0.109494,6,-488,86.5932,123,0,-140,0,-0.0254154,Tue Oct 17 13:59:50 2023,,,,,,,
6.15375,-93.4845,497,0.109494,6,-474,84.3093,116,0,-130,0,-0.0342131,Tue Oct 17 13:59:50 2023,,,,,,,
6.1638,-94.7629,482,0.109494,6,-460,82.0112,116,0,-140,0,-0.030303,Tue Oct 17 13:59:50 2023,,,,,,,
6.17385,-95.9048,467,0.109494,6,-445,79.7007,114,0,-150,0,-0.0244379,Tue Oct 17 13:59:50 2023,,,,,,,
6.1839,-96.909,451,0.109494,6,-431,77.3772,114,0,-150,0,-0.026393,Tue Oct 17 13:59:50 2023,,,,,,,
6.19396,-97.774,436,0.115151,6.31,-416,75.042,109,0,-150,0,-0.028348,Tue Oct 17 13:59:50 2023,,,,,,,
6.20401,-98.4988,420,0.115151,6.31,-401,72.6941,109,0,-150,0,-0.028348,Tue Oct 17 13:59:50 2023,,,,,,,
6.21406,-99.082,404,0.115151,6.31,-386,70.335,105,0,-160,0,-0.0234604,Tue Oct 17 13:59:50 2023,,,,,,,
6.22412,-99.5233,389,0.115151,6.31,-371,67.9627,105,0,-150,0,-0.0322581,Tue Oct 17 13:59:50 2023,,,,,,,
6.23417,-99.8213,372,0.115151,6.31,-355,65.5816,101,0,-150,0,-0.0273705,Tue Oct 17 13:59:50 2023,,,,,,,
6.24422,-99.976,356,0.107304,5.88,-340,63.1897,101,0,-160,0,-0.0273705,Tue Oct 17 13:59:50 2023,,,,,,,
6.25427,-99.9872,340,0.107304,5.88,-324,60.7884,96,0,-160,0,-0.0332356,Tue Oct 17 13:59:50 2023,,,,,,,
6.26432,-99.8548,324,0.107304,5.88,-308,58.3764,96,0,-160,0,-0.0273705,Tue Oct 17 13:59:50 2023,,,,,,,
6.27438,-99.579,308,0.107304,5.88,-292,55.9557,90,0,-160,0,-0.0273705,Tue Oct 17 13:59:50 2023,,,,,,,
6.28443,-99.1603,292,0.107304,5.88,-276,53.526,90,0,-160,0,-0.0273705,Tue Oct 17 13:59:50 2023,,,,,,,
6.29448,-98.5993,275,0.106757,5.85,-260,51.088,88,0,-170,0,-0.0205279,Tue Oct 17 13:59:50 2023,,,,,,,
6.30453,-97.8966,258,0.106757,5.85,-245,48.6414,88,0,-160,0,-0.0273705,Tue Oct 17 13:59:50 2023,,,,,,,
6.31459,-97.0535,242,0.106757,5.85,-229,46.1875,80,0,-150,0,-0.0254154,Tue Oct 17 13:59:50 2023,,,,,,,
6.32464,-96.0703,226,0.106757,5.85,-213,43.7243,80,0,-160,0,-0.0234604,Tue Oct 17 13:59:50 2023,,,,,,,
6.33469,-94.9495,210,0.106757,5.85,-198,41.2553,79,0,-150,0,-0.030303,Tue Oct 17 13:59:50 2023,,,,,,,
6.34476,-93.6925,195,0.0959899,5.26,-183,38.7799,79,0,-150,0,-0.026393,Tue Oct 17 13:59:50 2023,,,,,,,
6.35481,-92.299,165,0.0959899,5.26,-168,36.2951,72,0,-150,0,-0.026393,Tue Oct 17 13:59:50 2023,,,,,,,
6.36487,-90.7742,165,0.0959899,5.26,-153,33.8071,72,0,-150,0,-0.0244379,Tue Oct 17 13:59:50 2023,,,,,,,
6.37492,-89.1197,150,0.0959899,5.26,-139,31.3145,69,0,-140,0,-0.030303,Tue Oct 17 13:59:50 2023,,,,,,,
6.38497,-87.3368,135,0.0959899,5.26,-124,28.8164,69,0,-150,0,-0.0205279,Tue Oct 17 13:59:50 2023,,,,,,,
6.39502,-85.4291,107,0.0919751,5.04,-110,26.3146,63,0,-140,0,-0.026393,Tue Oct 17 13:59:50 2023,,,,,,,
6.40507,-83.3986,107,0.0919751,5.04,-96,23.8083,63,0,-140,0,-0.0234604,Tue Oct 17 13:59:50 2023,,,,,,,
6.41513,-81.2486,92,0.0919751,5.04,-83,21.2986,59,0,-130,0,-0.030303,Tue Oct 17 13:59:50 2023,,,,,,,
6.42518,-78.9804,67,0.0919751,5.04,-71,18.7837,59,0,-120,0,-0.0254154,Tue Oct 17 13:59:50 2023,,,,,,,
6.43523,-76.5995,67,0.0919751,5.04,-59,16.2667,53,0,-120,0,-0.0293255,Tue Oct 17 13:59:50 2023,,,,,,,
6.44529,-74.1086,55,0.0885078,4.85,-47,13.747,53,0,-120,0,-0.0244379,Tue Oct 17 13:59:50 2023,,,,,,,
6.45534,-71.5117,32,0.0885078,4.85,-35,11.2257,47,0,-120,0,-0.028348,Tue Oct 17 13:59:50 2023,,,,,,,
6.46539,-68.8123,20,0.0885078,4.85,-24,8.7026,47,0,-100,0,-0.0185728,Tue Oct 17 13:59:50 2023,,,,,,,
6.47544,-66.0146,20,0.0885078,4.85,-14,6.17865,42,0,-100,0,-0.028348,Tue Oct 17 13:59:50 2023,,,,,,,
6.48549,-63.1213,-1,0.0885078,4.85,-3,3.65295,42,0,-110,0,-0.0234604,Tue Oct 17 13:59:50 2023,,,,,,,
6.49554,-60.1387,-10,0.102377,5.61,7,1.12783,38,0,-100,0,-0.0234604,Tue Oct 17 13:59:50 2023,,,,,,,
6.50559,-57.0686,-10,0.102377,5.61,15,-1.39852,38,0,-100,0,-0.0175953,Tue Oct 17 13:59:50 2023,,,,,,,
6.51565,-53.9174,-26,0.102377,5.61,23,-3.92394,32,0,-80,0,-0.0273705,Tue Oct 17 13:59:50 2023,,,,,,,
6.5257,-50.6866,-34,0.102377,5.61,31,-6.45045,32,0,-70,0,-0.0234604,Tue Oct 17 13:59:50 2023,,,,,,,
6.53575,-47.3845,-42,0.102377,5.61,39,-8.97474,28,0,-80,0,-0.0244379,Tue Oct 17 13:59:50 2023,,,,,,,
6.5458,-44.0138,-48,0.0839455,4.6,45,-11.4981,28,0,-60,0,-0.0136852,Tue Oct 17 13:59:50 2023,,,,,,,
6.55586,-40.5804,-54,0.0839455,4.6,51,-14.0192,22,0,-50,0,-0.0234604,Tue Oct 17 13:59:50 2023,,,,,,,
6.56591,-37.0884,-59,0.0839455,4.6,57,-16.5382,22,0,-60,0,-0.0293255,Tue Oct 17 13:59:50 2023,,,,,,,
6.57596,-33.5432,-64,0.0839455,4.6,61,-19.0547,17,0,-50,0,-0.0136852,Tue Oct 17 13:59:50 2023,,,,,,,
6.58601,-29.9494,-67,0.0839455,4.6,64,-21.5684,17,0,-20,0,-0.0224829,Tue Oct 17 13:59:50 2023,,,,,,,
6.59606,-26.3138,-69,0.0883253,4.84,66,-24.0778,13,0,-20,0,-0.0293255,Tue Oct 17 13:59:50 2023,,,,,,,
6.60612,-22.6393,-71,0.0883253,4.84,68,-26.5841,13,0,-20,0,-0.0244379,Tue Oct 17 13:59:50 2023,,,,,,,
6.61617,-18.9336,-72,0.0883253,4.84,69,-29.0853,8,0,-10,0,-0.0205279,Tue Oct 17 13:59:50 2023,,,,,,,
6.62622,-15.1979,-73,0.0883253,4.84,69,-31.5838,8,0,0,0,-0.0224829,Tue Oct 17 13:59:50 2023,,,,,,,
6.63628,-11.443,-73,0.0883253,4.84,70,-34.0755,3,0,0,0,-0.0224829,Tue Oct 17 13:59:50 2023,,,,,,,
6.64633,-7.67099,-73,0.130481,7.15,69,-36.5621,3,0,0,0,-0.0234604,Tue Oct 17 13:59:50 2023,,,,,,,
6.65638,-3.88902,-73,0.130481,7.15,69,-39.0423,0,0,0,0,-0.0136852,Tue Oct 17 13:59:50 2023,,,,,,,
6.66643,-0.100587,-73,0.130481,7.15,69,-41.5167,0,0,0,0,-0.00782014,Tue Oct 17 13:59:50 2023,,,,,,,
6.67648,3.68706,-73,0.130481,7.15,69,-43.984,-7,0,0,0,-0.00391007,Tue Oct 17 13:59:50 2023,,,,,,,
6.68653,7.4704,-73,0.130481,7.15,69,-46.4449,-7,0,0,0,0,Tue Oct 17 13:59:50 2023,,,,,,,
6.69658,11.2413,-73,0.0401479,2.2,69,-48.8972,-11,0,0,0,0.00391007,Tue Oct 17 13:59:50 2023,,,,,,,
6.70663,14.9993,-73,0.0401479,2.2,69,-51.344,-11,0,0,0,0.00391007,Tue Oct 17 13:59:50 2023,,,,,,,
6.71669,18.7338,-73,0.0401479,2.2,69,-53.7811,-15,0,0,0,0.00782014,Tue Oct 17 13:59:50 2023,,,,,,,
6.72674,22.444,-73,0.0401479,2.2,69,-56.2115,-15,0,0,0,0.0175953,Tue Oct 17 13:59:50 2023,,,,,,,
6.73679,26.1192,-73,0.0401479,2.2,68,-58.631,-20,0,0,0,0.0234604,Tue Oct 17 13:59:50 2023,,,,,,,
6.74684,29.758,-71,0.04763,2.61,65,-61.0419,-20,0,10,0,0.0293255,Tue Oct 17 13:59:50 2023,,,,,,,
6.7569,33.3535,-69,0.04763,2.61,62,-63.4427,-25,0,20,0,0.0273705,Tue Oct 17 13:59:50 2023,,,,,,,
6.76695,36.9017,-66,0.04763,2.61,59,-65.8337,-25,0,20,0,0.0244379,Tue Oct 17 13:59:50 2023,,,,,,,
6.777,40.3955,-63,0.04763,2.61,56,-68.2134,-30,0,20,0,0.0244379,Tue Oct 17 13:59:50 2023,,,,,,,
6.78705,43.8321,-59,0.04763,2.61,52,-70.5826,-30,0,30,0,0.0293255,Tue Oct 17 13:59:50 2023,,,,,,,
6.7971,47.2055,-54,0.149095,8.17,45,-72.9404,-35,0,50,0,0.0244379,Tue Oct 17 13:59:51 2023,,,,,,,
6.80715,50.5113,-48,0.149095,8.17,39,-75.2867,-35,0,60,0,0.0244379,Tue Oct 17 13:59:51 2023,,,,,,,
6.81721,53.744,-42,0.149095,8.17,32,-77.6206,-40,0,50,0,0.0332356,Tue Oct 17 13:59:51 2023,,,,,,,
6.82726,56.9017,-35,0.149095,8.17,25,-79.9436,-40,0,60,0,0.0312805,Tue Oct 17 13:59:51 2023,,,,,,,
6.83731,59.9773,-28,0.149095,8.17,17,-82.2537,-46,0,70,0,0.0312805,Tue Oct 17 13:59:51 2023,,,,,,,
6.84737,62.966,-21,0.146175,8.01,9,-84.5501,-46,0,70,0,0.028348,Tue Oct 17 13:59:51 2023,,,,,,,
6.85742,65.8639,-13,0.146175,8.01,0,-86.8326,-51,0,70,0,0.0361681,Tue Oct 17 13:59:51 2023,,,,,,,
6.86747,68.6677,-4,0.146175,8.01,-11,-89.1017,-51,0,80,0,0.026393,Tue Oct 17 13:59:51 2023